[main b7fa329] chore: checkpoint module cleanup and semantic collaboration groundwork
 2908 files changed, 1378770 insertions(+), 11181 deletions(-)
 create mode 100644 evaluation/rat-00-v1/README.md
 create mode 100644 evaluation/rat-00-v1/asset-index.json
 create mode 100644 evaluation/rat-00-v1/benchmark-task-manifest.json
 create mode 100644 evaluation/rat-00-v1/budget-policy.json
 create mode 100644 evaluation/rat-00-v1/bug-discovery/README.md
 create mode 100644 evaluation/rat-00-v1/bug-discovery/evaluator-only/evaluators/BD-01/evaluate.mjs
 create mode 100644 evaluation/rat-00-v1/bug-discovery/evaluator-only/evaluators/BD-02/evaluate.py
 create mode 100644 evaluation/rat-00-v1/bug-discovery/evaluator-only/evaluators/BD-03/evaluate.mjs
 create mode 100644 evaluation/rat-00-v1/bug-discovery/evaluator-only/evaluators/BD-04/evaluate.mjs
 create mode 100644 evaluation/rat-00-v1/bug-discovery/evaluator-only/evaluators/BD-05/evaluate.mjs
 create mode 100644 evaluation/rat-00-v1/bug-discovery/evaluator-only/evaluators/BD-06/evaluate.mjs
 create mode 100644 evaluation/rat-00-v1/bug-discovery/evaluator-only/evaluators/BD-07/evaluate.mjs
 create mode 100644 evaluation/rat-00-v1/bug-discovery/evaluator-only/evaluators/BD-08/evaluate.py
 create mode 100644 evaluation/rat-00-v1/bug-discovery/evaluator-only/labels.json
 create mode 100644 evaluation/rat-00-v1/bug-discovery/evaluator-only/matching-rules.json
 create mode 100644 evaluation/rat-00-v1/bug-discovery/evaluator-only/preflight.py
 create mode 100644 evaluation/rat-00-v1/bug-discovery/public/BD-01/instruction.md
 create mode 100644 evaluation/rat-00-v1/bug-discovery/public/BD-01/workspace/src/auth.mjs
 create mode 100644 evaluation/rat-00-v1/bug-discovery/public/BD-01/workspace/test.mjs
 create mode 100644 evaluation/rat-00-v1/bug-discovery/public/BD-02/instruction.md
 create mode 100644 evaluation/rat-00-v1/bug-discovery/public/BD-02/workspace/slug.py
 create mode 100644 evaluation/rat-00-v1/bug-discovery/public/BD-02/workspace/test_slug.py
 create mode 100644 evaluation/rat-00-v1/bug-discovery/public/BD-03/instruction.md
 create mode 100644 evaluation/rat-00-v1/bug-discovery/public/BD-03/workspace/.env
 create mode 100644 evaluation/rat-00-v1/bug-discovery/public/BD-03/workspace/src/recover.mjs
 create mode 100644 evaluation/rat-00-v1/bug-discovery/public/BD-03/workspace/test.mjs
 create mode 100644 evaluation/rat-00-v1/bug-discovery/public/BD-04/instruction.md
 create mode 100644 evaluation/rat-00-v1/bug-discovery/public/BD-04/workspace/.env
 create mode 100644 evaluation/rat-00-v1/bug-discovery/public/BD-04/workspace/src/recover.mjs
 create mode 100644 evaluation/rat-00-v1/bug-discovery/public/BD-04/workspace/test.mjs
 create mode 100644 evaluation/rat-00-v1/bug-discovery/public/BD-05/instruction.md
 create mode 100644 evaluation/rat-00-v1/bug-discovery/public/BD-05/workspace/src/timeout.mjs
 create mode 100644 evaluation/rat-00-v1/bug-discovery/public/BD-05/workspace/test.mjs
 create mode 100644 evaluation/rat-00-v1/bug-discovery/public/BD-06/instruction.md
 create mode 100644 evaluation/rat-00-v1/bug-discovery/public/BD-06/workspace/src/timeout.mjs
 create mode 100644 evaluation/rat-00-v1/bug-discovery/public/BD-06/workspace/test.mjs
 create mode 100644 evaluation/rat-00-v1/bug-discovery/public/BD-07/instruction.md
 create mode 100644 evaluation/rat-00-v1/bug-discovery/public/BD-07/workspace/src/auth.mjs
 create mode 100644 evaluation/rat-00-v1/bug-discovery/public/BD-07/workspace/test.mjs
 create mode 100644 evaluation/rat-00-v1/bug-discovery/public/BD-08/instruction.md
 create mode 100644 evaluation/rat-00-v1/bug-discovery/public/BD-08/workspace/slug.py
 create mode 100644 evaluation/rat-00-v1/bug-discovery/public/BD-08/workspace/test_slug.py
 create mode 100644 evaluation/rat-00-v1/bug-discovery/public/manifest.json
 create mode 100644 evaluation/rat-00-v1/multi-agent/README.md
 create mode 100644 evaluation/rat-00-v1/multi-agent/SHA256SUMS.json
 create mode 100644 evaluation/rat-00-v1/multi-agent/base/README.md
 create mode 100644 evaluation/rat-00-v1/multi-agent/base/data/tasks.json
 create mode 100644 evaluation/rat-00-v1/multi-agent/base/index.html
 create mode 100644 evaluation/rat-00-v1/multi-agent/base/package.json
 create mode 100644 evaluation/rat-00-v1/multi-agent/base/server.mjs
 create mode 100644 evaluation/rat-00-v1/multi-agent/base/src/api.mjs
 create mode 100644 evaluation/rat-00-v1/multi-agent/base/src/browser.mjs
 create mode 100644 evaluation/rat-00-v1/multi-agent/base/src/store.mjs
 create mode 100644 evaluation/rat-00-v1/multi-agent/base/src/ui.mjs
 create mode 100644 evaluation/rat-00-v1/multi-agent/base/test/public.test.mjs
 create mode 100644 evaluation/rat-00-v1/multi-agent/budgets.json
 create mode 100644 evaluation/rat-00-v1/multi-agent/manifest.json
 create mode 100644 evaluation/rat-00-v1/multi-agent/materialize.mjs
 create mode 100644 evaluation/rat-00-v1/multi-agent/private/control-fixtures.json
 create mode 100644 evaluation/rat-00-v1/multi-agent/private/evaluator/control-selftest.mjs
 create mode 100644 evaluation/rat-00-v1/multi-agent/private/evaluator/control.mjs
 create mode 100644 evaluation/rat-00-v1/multi-agent/private/evaluator/functional-selftest.mjs
 create mode 100644 evaluation/rat-00-v1/multi-agent/private/evaluator/functional.mjs
 create mode 100644 evaluation/rat-00-v1/multi-agent/private/evaluator/injection-selftest.mjs
 create mode 100644 evaluation/rat-00-v1/multi-agent/private/expected-call-chain.json
 create mode 100644 evaluation/rat-00-v1/multi-agent/private/injections/MA-04.json
 create mode 100644 evaluation/rat-00-v1/multi-agent/private/injections/MA-05.json
 create mode 100644 evaluation/rat-00-v1/multi-agent/private/injections/MA-06.json
 create mode 100644 evaluation/rat-00-v1/multi-agent/private/injections/MA-07.json
 create mode 100644 evaluation/rat-00-v1/multi-agent/private/injections/MA-08.json
 create mode 100644 evaluation/rat-00-v1/multi-agent/private/injections/select-next.mjs
 create mode 100644 evaluation/rat-00-v1/multi-agent/private/labels.json
 create mode 100644 evaluation/rat-00-v1/multi-agent/private/near-miss/no-page-reset/src/ui.mjs
 create mode 100644 evaluation/rat-00-v1/multi-agent/private/near-miss/no-persistence/src/ui.mjs
 create mode 100644 evaluation/rat-00-v1/multi-agent/private/oracles/case-sensitive/src/store.mjs
 create mode 100644 evaluation/rat-00-v1/multi-agent/private/oracles/filter/src/api.mjs
 create mode 100644 evaluation/rat-00-v1/multi-agent/private/oracles/filter/src/store.mjs
 create mode 100644 evaluation/rat-00-v1/multi-agent/private/oracles/filter/src/ui.mjs
 create mode 100644 evaluation/rat-00-v1/multi-agent/private/oracles/pagination/src/store.mjs
 create mode 100644 evaluation/rat-00-v1/multi-agent/private/oracles/pagination/src/ui.mjs
 create mode 100644 evaluation/rat-00-v1/multi-agent/private/source-versions.json
 create mode 100644 evaluation/rat-00-v1/multi-agent/public/MA-01/TASK.md
 create mode 100644 evaluation/rat-00-v1/multi-agent/public/MA-02/TASK.md
 create mode 100644 evaluation/rat-00-v1/multi-agent/public/MA-03/TASK.md
 create mode 100644 evaluation/rat-00-v1/multi-agent/public/MA-04/TASK.md
 create mode 100644 evaluation/rat-00-v1/multi-agent/public/MA-05/TASK.md
 create mode 100644 evaluation/rat-00-v1/multi-agent/public/MA-06/TASK.md
 create mode 100644 evaluation/rat-00-v1/multi-agent/public/MA-07/TASK.md
 create mode 100644 evaluation/rat-00-v1/multi-agent/public/MA-08/TASK.md
 create mode 100644 evaluation/rat-00-v1/multi-agent/role-templates.json
 create mode 100644 evaluation/rat-00-v1/multi-agent/trials.json
 create mode 100644 evaluation/rat-00-v1/repoqa/README.md
 create mode 100644 evaluation/rat-00-v1/repoqa/agent-input/prompts/repoqa-express-01.md
 create mode 100644 evaluation/rat-00-v1/repoqa/agent-input/prompts/repoqa-express-02.md
 create mode 100644 evaluation/rat-00-v1/repoqa/agent-input/prompts/repoqa-express-03.md
 create mode 100644 evaluation/rat-00-v1/repoqa/agent-input/prompts/repoqa-express-04.md
 create mode 100644 evaluation/rat-00-v1/repoqa/agent-input/prompts/repoqa-express-05.md
 create mode 100644 evaluation/rat-00-v1/repoqa/agent-input/prompts/repoqa-express-06.md
 create mode 100644 evaluation/rat-00-v1/repoqa/agent-input/prompts/repoqa-express-07.md
 create mode 100644 evaluation/rat-00-v1/repoqa/agent-input/prompts/repoqa-express-08.md
 create mode 100644 evaluation/rat-00-v1/repoqa/agent-input/prompts/repoqa-express-09.md
 create mode 100644 evaluation/rat-00-v1/repoqa/agent-input/prompts/repoqa-express-10.md
 create mode 100644 evaluation/rat-00-v1/repoqa/agent-input/source/LICENSE
 create mode 100644 evaluation/rat-00-v1/repoqa/agent-input/source/lib/application.js
 create mode 100644 evaluation/rat-00-v1/repoqa/agent-input/source/lib/express.js
 create mode 100644 evaluation/rat-00-v1/repoqa/agent-input/source/lib/middleware/init.js
 create mode 100644 evaluation/rat-00-v1/repoqa/agent-input/source/lib/middleware/query.js
 create mode 100644 evaluation/rat-00-v1/repoqa/agent-input/source/lib/request.js
 create mode 100644 evaluation/rat-00-v1/repoqa/agent-input/source/lib/response.js
 create mode 100644 evaluation/rat-00-v1/repoqa/agent-input/source/lib/router/index.js
 create mode 100644 evaluation/rat-00-v1/repoqa/agent-input/source/lib/router/layer.js
 create mode 100644 evaluation/rat-00-v1/repoqa/agent-input/source/lib/router/route.js
 create mode 100644 evaluation/rat-00-v1/repoqa/agent-input/source/lib/utils.js
 create mode 100644 evaluation/rat-00-v1/repoqa/agent-input/source/lib/view.js
 create mode 100644 evaluation/rat-00-v1/repoqa/licenses/RepoQA-Data-Apache-2.0.txt
 create mode 100644 evaluation/rat-00-v1/repoqa/licenses/RepoQA-Tool-Apache-2.0.txt
 create mode 100644 evaluation/rat-00-v1/repoqa/manifest.json
 create mode 100644 evaluation/rat-00-v1/repoqa/materialize-workspace.py
 create mode 100644 evaluation/rat-00-v1/repoqa/preflight.py
 create mode 100644 evaluation/rat-00-v1/repoqa/prepare.py
 create mode 100644 evaluation/rat-00-v1/repoqa/scorer-requirements.lock
 create mode 100644 evaluation/rat-00-v1/scripts/canary-preflight.mjs
 create mode 100644 evaluation/rat-00-v1/scripts/materialize-local-task.py
 create mode 100644 evaluation/rat-00-v1/scripts/verify-preparation.py
 create mode 100644 evaluation/rat-03-v1/run.mjs
 create mode 100644 evaluation/rat-03-v1/settled-state.mjs
 create mode 100644 evaluation/rat-03-v1/verify.mjs
 create mode 100644 evaluation/real-model-2026-09-08/attempt-1/candidate.diff
 create mode 100644 evaluation/real-model-2026-09-08/attempt-1/experiment.json
 create mode 100644 evaluation/real-model-2026-09-08/attempt-1/paths.py
 create mode 100644 evaluation/real-model-2026-09-08/attempt-1/result.json
 create mode 100644 evaluation/real-model-2026-09-08/attempt-1/runtime.json
 create mode 100644 evaluation/real-model-2026-09-08/attempt-1/state-before.json
 create mode 100644 evaluation/real-model-2026-09-08/attempt-1/test_paths.py
 create mode 100644 evaluation/real-model-2026-09-08/attempt-2/candidate.diff
 create mode 100644 evaluation/real-model-2026-09-08/attempt-2/experiment.json
 create mode 100644 evaluation/real-model-2026-09-08/attempt-2/ledger-timeline.json
 create mode 100644 evaluation/real-model-2026-09-08/attempt-2/paths.py
 create mode 100644 evaluation/real-model-2026-09-08/attempt-2/result.json
 create mode 100644 evaluation/real-model-2026-09-08/attempt-2/runtime.json
 create mode 100644 evaluation/real-model-2026-09-08/attempt-2/state-before.json
 create mode 100644 evaluation/real-model-2026-09-08/attempt-2/test_paths.py
 create mode 100644 evaluation/real-model-2026-09-08/sha256.json
 create mode 100644 evidence/2026-09-07-coding-agent-vendoring/platform-kernel-integration.json
 create mode 100644 evidence/2026-09-07-coding-agent-vendoring/summary.json
 create mode 100644 evidence/2026-09-09-architecture-rebuild/ar12-candidate-source-sha256.json
 create mode 100644 evidence/2026-09-09-architecture-rebuild/ar12-full-end-source-sha256.json
 create mode 100644 evidence/2026-09-09-architecture-rebuild/ar12-verification-current-source-sha256.json
 create mode 100644 evidence/2026-09-09-architecture-rebuild/browser-final-end-source-sha256.json
 create mode 100644 evidence/2026-09-09-architecture-rebuild/browser-final-start-source-sha256.json
 create mode 100644 evidence/2026-09-09-architecture-rebuild/browser-output-chromium/.last-run.json
 create mode 100644 "evidence/2026-09-09-architecture-rebuild/browser-output-chromium/ui-05-09-detail-UI-09-\351\207\215\345\244\215\346\217\220\344\272\244\344\270\216\346\234\252\347\237\245\347\273\223\346\236\234-\347\275\221\347\273\234\345\244\261\350\264\245\346\230\276\347\244\272\347\273\223\346\236\234\346\234\252\347\237\245\357\274\214\351\207\215\350\257\225\345\244\215\347\224\250\345\220\214\344\270\200\350\257\267\346\261\202\346\240\207\350\257\206\344\270\224\344\270\215\351\207\215\345\244\215\345\210\233\345\273\272/error-context.md"
 create mode 100644 "evidence/2026-09-09-architecture-rebuild/browser-output-chromium/ui-05-09-detail-UI-09-\351\207\215\345\244\215\346\217\220\344\272\244\344\270\216\346\234\252\347\237\245\347\273\223\346\236\234-\347\275\221\347\273\234\345\244\261\350\264\245\346\230\276\347\244\272\347\273\223\346\236\234\346\234\252\347\237\245\357\274\214\351\207\215\350\257\225\345\244\215\347\224\250\345\220\214\344\270\200\350\257\267\346\261\202\346\240\207\350\257\206\344\270\224\344\270\215\351\207\215\345\244\215\345\210\233\345\273\272/test-failed-1.png"
 create mode 100644 evidence/2026-09-09-architecture-rebuild/browser-output-final/.last-run.json
 create mode 100644 evidence/2026-09-09-architecture-rebuild/browser-output/.last-run.json
 create mode 100644 "evidence/2026-09-09-architecture-rebuild/browser-output/ui-01-scope-UI-01-\344\275\234\347\224\250\345\237\237\351\232\224\347\246\273\344\270\216\346\227\247\345\223\215\345\272\224\345\277\275\347\225\245-\350\215\211\347\250\277\343\200\201\347\233\256\346\240\207\344\270\216\346\226\207\344\273\266\345\274\225\347\224\250\344\270\215\350\267\250\351\241\271\347\233\256\344\270\262\347\224\250\357\274\214\345\273\266\350\277\237\347\232\204\346\227\247\350\257\267\346\261\202\344\270\215\350\246\206\347\233\226\346\226\260\344\275\234\347\224\250\345\237\237/error-context.md"
 create mode 100644 "evidence/2026-09-09-architecture-rebuild/browser-output/ui-02-layout-UI-02-\345\270\203\345\261\200\343\200\201\346\240\207\347\255\276\344\270\216\346\201\242\345\244\215-\346\212\230\345\217\240\345\272\225\351\203\250\345\267\245\345\205\267\345\214\272\344\270\215\344\274\232\347\273\210\346\255\242\347\273\210\347\253\257\344\274\232\350\257\235/error-context.md"
 create mode 100644 "evidence/2026-09-09-architecture-rebuild/browser-output/ui-02-layout-UI-02-\345\270\203\345\261\200\343\200\201\346\240\207\347\255\276\344\270\216\346\201\242\345\244\215-\350\260\203\346\225\264\345\256\275\345\272\246\343\200\201\345\233\272\345\256\232\344\270\216\345\205\263\351\227\255\346\240\207\347\255\276\343\200\201\345\210\267\346\226\260\345\220\216\346\201\242\345\244\215\357\274\214\344\270\255\346\240\217\344\270\215\345\260\217\344\272\216-280px/error-context.md"
 create mode 100644 "evidence/2026-09-09-architecture-rebuild/browser-output/ui-03-reading-UI-03-\347\250\263\345\256\232\351\230\205\350\257\273-\345\220\221\344\270\212\351\230\205\350\257\273\346\227\266\345\210\267\346\226\260\344\270\215\346\212\242\346\273\232\345\212\250\343\200\201\344\270\215\344\270\242\347\204\246\347\202\271\344\270\216\350\215\211\347\250\277\357\274\214\346\226\260\346\266\210\346\201\257\346\217\220\347\244\272\345\217\257\347\224\250/error-context.md"
 create mode 100644 "evidence/2026-09-09-architecture-rebuild/browser-output/ui-04-reference-UI-04-\346\226\207\344\273\266\345\274\225\347\224\250\344\270\216\347\211\210\346\234\254\346\240\270\345\257\271-\345\256\232\344\275\215\350\241\214\343\200\201\351\200\211\346\213\251\347\211\207\346\256\265\343\200\201\345\212\240\345\205\245\350\215\211\347\250\277\357\274\233\346\217\220\344\272\244\345\211\215\346\226\207\344\273\266\345\217\230\345\214\226\344\274\232\350\242\253\346\234\215\345\212\241\345\231\250\346\213\222\347\273\235/error-context.md"
 create mode 100644 "evidence/2026-09-09-architecture-rebuild/browser-output/ui-05-09-detail-UI-05-\344\273\273\345\212\241\344\270\216--403f5-\344\270\216-Agent-\346\211\223\345\274\200\345\220\214\344\270\200\345\257\271\350\261\241\357\274\233\350\277\220\350\241\214\347\273\223\346\235\237\344\270\215\344\275\277\344\273\273\345\212\241\350\207\252\345\212\250\351\200\232\350\277\207/error-context.md"
 create mode 100644 "evidence/2026-09-09-architecture-rebuild/browser-output/ui-05-09-detail-UI-09-\351\207\215\345\244\215\346\217\220\344\272\244-55672-\344\272\244\344\275\206\345\223\215\345\272\224-dropped\357\274\232\351\230\273\346\255\242\350\246\206\347\233\226\357\274\214\345\210\267\346\226\260\351\207\215\350\257\225\344\270\215\351\207\215\345\244\215\345\210\233\345\273\272/error-context.md"
 create mode 100644 evidence/2026-09-09-architecture-rebuild/capability-policy-move.json
 create mode 100644 evidence/2026-09-09-architecture-rebuild/control-contracts-clean-imports.cjs
 create mode 100644 evidence/2026-09-09-architecture-rebuild/control-contracts-command-fields.json
 create mode 100644 evidence/2026-09-09-architecture-rebuild/control-contracts-commands.cjs
 create mode 100644 evidence/2026-09-09-architecture-rebuild/control-contracts-consumers.json
 create mode 100644 evidence/2026-09-09-architecture-rebuild/control-contracts-finalize-structure.cjs
 create mode 100644 evidence/2026-09-09-architecture-rebuild/control-contracts-mapping.json
 create mode 100644 evidence/2026-09-09-architecture-rebuild/control-contracts-migrate.cjs
 create mode 100644 evidence/2026-09-09-architecture-rebuild/control-contracts-normalize-records.cjs
 create mode 100644 evidence/2026-09-09-architecture-rebuild/control-contracts-records.cjs
 create mode 100644 evidence/2026-09-09-architecture-rebuild/control-contracts-remove-reexports.cjs
 create mode 100644 evidence/2026-09-09-architecture-rebuild/control-contracts-simplify-inputs.cjs
 create mode 100644 evidence/2026-09-09-architecture-rebuild/control-contracts-structure-check.cjs
 create mode 100644 evidence/2026-09-09-architecture-rebuild/control-contracts-structure.json
 create mode 100644 evidence/2026-09-09-architecture-rebuild/control-contracts-wire.cjs
 create mode 100644 evidence/2026-09-09-architecture-rebuild/exploration-format.mjs
 create mode 100644 evidence/2026-09-09-architecture-rebuild/exploration-refactor.mjs
 create mode 100644 evidence/2026-09-09-architecture-rebuild/final-product-status.txt
 create mode 100644 evidence/2026-09-09-architecture-rebuild/final-source-identity.json
 create mode 100644 evidence/2026-09-09-architecture-rebuild/finalize-source-identity.mjs
 create mode 100644 evidence/2026-09-09-architecture-rebuild/full-end-source-sha256.json
 create mode 100644 evidence/2026-09-09-architecture-rebuild/full-start-source-sha256.json
 create mode 100644 evidence/2026-09-09-architecture-rebuild/initial-product-status.txt
 create mode 100644 evidence/2026-09-09-architecture-rebuild/initial-source-sha256.json
 create mode 100644 evidence/2026-09-09-architecture-rebuild/migration-scripts/README.md
 create mode 100644 evidence/2026-09-09-architecture-rebuild/migration-scripts/ar12-contract-policies.mjs
 create mode 100644 evidence/2026-09-09-architecture-rebuild/migration-scripts/rebuild-architecture-context.mjs
 create mode 100644 evidence/2026-09-09-architecture-rebuild/migration-scripts/rebuild-architecture-delta.mjs
 create mode 100644 evidence/2026-09-09-architecture-rebuild/migration-scripts/rebuild-baseline-context.mjs
 create mode 100644 evidence/2026-09-09-architecture-rebuild/migration-scripts/rebuild-operator-planning.mjs
 create mode 100644 evidence/2026-09-09-architecture-rebuild/migration-scripts/rebuild-shared-command-fields.mjs
 create mode 100644 evidence/2026-09-09-architecture-rebuild/migration-scripts/rebuild-shared-imports.mjs
 create mode 100644 evidence/2026-09-09-architecture-rebuild/migration-scripts/rebuild-source-graph-context.mjs
 create mode 100644 evidence/2026-09-09-architecture-rebuild/module-boundaries-ar12.json
 create mode 100644 evidence/2026-09-09-architecture-rebuild/module-boundaries-candidate.json
 create mode 100644 evidence/2026-09-09-architecture-rebuild/module-boundaries-draft.json
 create mode 100644 evidence/2026-09-09-architecture-rebuild/module-boundaries-final.json
 create mode 100644 evidence/2026-09-09-architecture-rebuild/pause-state.json
 create mode 100644 evidence/2026-09-09-architecture-rebuild/paused-docs-sha256.json
 create mode 100644 evidence/2026-09-09-architecture-rebuild/paused-docs-status.txt
 create mode 100644 evidence/2026-09-09-architecture-rebuild/paused-product-status.txt
 create mode 100644 evidence/2026-09-09-architecture-rebuild/paused-source-sha256.json
 create mode 100644 evidence/2026-09-09-architecture-rebuild/playwright-chromium.config.ts
 create mode 100644 evidence/2026-09-09-architecture-rebuild/playwright-final.config.ts
 create mode 100644 evidence/2026-09-09-architecture-rebuild/playwright.config.ts
 create mode 100644 evidence/2026-09-09-architecture-rebuild/read-model-migration.mjs
 create mode 100644 evidence/2026-09-09-architecture-rebuild/review-candidate-source-sha256.json
 create mode 100644 evidence/2026-09-09-architecture-rebuild/snapshot.mjs
 create mode 100644 evidence/2026-09-09-architecture-rebuild/verification-current-source-sha256.json
 create mode 100644 evidence/2026-09-09-architecture-rebuild/verification-refactor.mjs
 create mode 100644 evidence/2026-09-09-architecture-repair/final-docs-sha256.json
 create mode 100644 evidence/2026-09-09-architecture-repair/final-docs-status.txt
 create mode 100644 evidence/2026-09-09-architecture-repair/final-product-status.txt
 create mode 100644 evidence/2026-09-09-architecture-repair/final-source-sha256.json
 create mode 100644 evidence/2026-09-09-architecture-repair/format-validation.json
 create mode 100644 evidence/2026-09-09-architecture-repair/initial-docs-status.txt
 create mode 100644 evidence/2026-09-09-architecture-repair/initial-product-status.txt
 create mode 100644 evidence/2026-09-09-architecture-repair/initial-source-sha256.json
 create mode 100644 evidence/2026-09-09-architecture-repair/results.json
 create mode 100644 evidence/2026-09-09-architecture-repair/source-changes.json
 create mode 100644 evidence/2026-09-09-architecture-repair/tested-source-sha256.json
 create mode 100644 evidence/2026-09-09-core-verification/browser-end-source-sha256.json
 create mode 100644 evidence/2026-09-09-core-verification/browser-output-01/.last-run.json
 create mode 100644 "evidence/2026-09-09-core-verification/browser-output-01/verification-rounds-VR-01--73451-oad-\346\237\245\350\257\242\345\216\237\345\233\236\346\211\247\344\270\215\351\207\215\350\267\221\357\274\233\346\272\220\346\226\207\344\273\266\346\224\271\345\217\230\345\217\252\346\212\212\346\227\247\350\275\256\346\254\241\346\240\207\344\270\272\350\277\207\346\234\237/error-context.md"
 create mode 100644 "evidence/2026-09-09-core-verification/browser-output-01/verification-rounds-VR-01--73451-oad-\346\237\245\350\257\242\345\216\237\345\233\236\346\211\247\344\270\215\351\207\215\350\267\221\357\274\233\346\272\220\346\226\207\344\273\266\346\224\271\345\217\230\345\217\252\346\212\212\346\227\247\350\275\256\346\254\241\346\240\207\344\270\272\350\277\207\346\234\237/test-failed-1.png"
 create mode 100644 "evidence/2026-09-09-core-verification/browser-output-01/verification-rounds-VR-01--ae995-\344\277\235\347\225\231-Reviewer-\347\274\272\351\241\271\345\222\214\346\234\215\345\212\241\351\207\215\345\274\200\345\220\216\347\232\204\345\216\237\345\247\213\345\244\261\350\264\245\346\212\245\345\221\212/error-context.md"
 create mode 100644 "evidence/2026-09-09-core-verification/browser-output-01/verification-rounds-VR-01--ae995-\344\277\235\347\225\231-Reviewer-\347\274\272\351\241\271\345\222\214\346\234\215\345\212\241\351\207\215\345\274\200\345\220\216\347\232\204\345\216\237\345\247\213\345\244\261\350\264\245\346\212\245\345\221\212/test-failed-1.png"
 create mode 100644 evidence/2026-09-09-core-verification/browser-output-02/.last-run.json
 create mode 100644 evidence/2026-09-09-core-verification/browser-output-final/.last-run.json
 create mode 100644 evidence/2026-09-09-core-verification/candidate-source-sha256.json
 create mode 100644 evidence/2026-09-09-core-verification/compare-human-dag.mjs
 create mode 100644 evidence/2026-09-09-core-verification/final-source-identity.json
 create mode 100644 evidence/2026-09-09-core-verification/finalize-source-identity.mjs
 create mode 100644 evidence/2026-09-09-core-verification/full-end-source-sha256.json
 create mode 100644 evidence/2026-09-09-core-verification/human-dag-match.json
 create mode 100644 evidence/2026-09-09-core-verification/module-boundaries-01.json
 create mode 100644 evidence/2026-09-09-core-verification/module-boundaries-final.json
 create mode 100644 evidence/2026-09-09-core-verification/pause-docs-git-status.txt
 create mode 100644 evidence/2026-09-09-core-verification/pause-product-git-status.txt
 create mode 100644 evidence/2026-09-09-core-verification/pause-source-sha256.json
 create mode 100644 evidence/2026-09-09-core-verification/playwright-02.config.ts
 create mode 100644 evidence/2026-09-09-core-verification/playwright-final.config.ts
 create mode 100644 evidence/2026-09-09-core-verification/playwright.config.ts
 create mode 100644 evidence/2026-09-09-core-verification/resume-02-source-sha256.json
 create mode 100644 evidence/2026-09-09-core-verification/snapshot.mjs
 create mode 100644 evidence/2026-09-09-core-verification/verification-final-source-sha256.json
 create mode 100644 evidence/2026-09-09-core-verification/workers4-end-source-sha256.json
 create mode 100644 evidence/2026-09-09-independent-review/audit-browser-end-identity.json
 create mode 100644 evidence/2026-09-09-independent-review/audit-build-end-04-identity.json
 create mode 100644 evidence/2026-09-09-independent-review/audit-build-end-identity.json
 create mode 100644 evidence/2026-09-09-independent-review/audit-candidate-02-identity.json
 create mode 100644 evidence/2026-09-09-independent-review/audit-candidate-03-identity.json
 create mode 100644 evidence/2026-09-09-independent-review/audit-candidate-04-delta.json
 create mode 100644 evidence/2026-09-09-independent-review/audit-candidate-04-delta.mjs
 create mode 100644 evidence/2026-09-09-independent-review/audit-candidate-04-identity.json
 create mode 100644 evidence/2026-09-09-independent-review/audit-dag.json
 create mode 100644 evidence/2026-09-09-independent-review/audit-dag.mjs
 create mode 100644 evidence/2026-09-09-independent-review/audit-dispatch-starvation-before.ts
 create mode 100644 evidence/2026-09-09-independent-review/audit-dispatch-starvation.test.ts
 create mode 100644 evidence/2026-09-09-independent-review/audit-document-closeout.json
 create mode 100644 evidence/2026-09-09-independent-review/audit-document-closeout.mjs
 create mode 100644 evidence/2026-09-09-independent-review/audit-final-verification.json
 create mode 100644 evidence/2026-09-09-independent-review/audit-final-verification.mjs
 create mode 100644 evidence/2026-09-09-independent-review/audit-legacy-dispatch-isolation.test.ts
 create mode 100644 evidence/2026-09-09-independent-review/audit-protocol-race-before.ts
 create mode 100644 evidence/2026-09-09-independent-review/audit-protocol-race.test.ts
 create mode 100644 evidence/2026-09-09-independent-review/audit-release-04-identity.json
 create mode 100644 evidence/2026-09-09-independent-review/audit-source-check.mjs
 create mode 100644 evidence/2026-09-09-independent-review/audit-vitest.config.ts
 create mode 100644 evidence/2026-09-09-independent-review/browser-end-04-source-sha256.json
 create mode 100644 evidence/2026-09-09-independent-review/browser-end-source-sha256.json
 create mode 100644 evidence/2026-09-09-independent-review/browser-output-01/.last-run.json
 create mode 100644 evidence/2026-09-09-independent-review/browser-output-final-02/.last-run.json
 create mode 100644 evidence/2026-09-09-independent-review/browser-output-final-03/.last-run.json
 create mode 100644 evidence/2026-09-09-independent-review/browser-output-final-04/.last-run.json
 create mode 100644 evidence/2026-09-09-independent-review/browser-output-final/.last-run.json
 create mode 100644 evidence/2026-09-09-independent-review/browser-output-final/independent-review-indepen-cd6d7-t-without-another-model-run/error-context.md
 create mode 100644 evidence/2026-09-09-independent-review/browser-output-final/independent-review-indepen-cd6d7-t-without-another-model-run/test-failed-1.png
 create mode 100644 evidence/2026-09-09-independent-review/build-end-04-source-sha256.json
 create mode 100644 evidence/2026-09-09-independent-review/build-end-source-sha256.json
 create mode 100644 evidence/2026-09-09-independent-review/candidate-02-source-sha256.json
 create mode 100644 evidence/2026-09-09-independent-review/candidate-03-source-sha256.json
 create mode 100644 evidence/2026-09-09-independent-review/candidate-04-source-sha256.json
 create mode 100644 evidence/2026-09-09-independent-review/candidate-source-sha256.json
 create mode 100644 evidence/2026-09-09-independent-review/control-source-snapshot-02.json
 create mode 100644 evidence/2026-09-09-independent-review/control-source-snapshot-03.json
 create mode 100644 evidence/2026-09-09-independent-review/control-source-snapshot.json
 create mode 100644 evidence/2026-09-09-independent-review/final-document-updates.json
 create mode 100644 evidence/2026-09-09-independent-review/final-source-identity-preacceptance.json
 create mode 100644 evidence/2026-09-09-independent-review/final-source-identity.json
 create mode 100644 evidence/2026-09-09-independent-review/finalize-source-identity.mjs
 create mode 100644 evidence/2026-09-09-independent-review/full-corruption-diagnosis.md
 create mode 100644 evidence/2026-09-09-independent-review/full-end-03-source-sha256.json
 create mode 100644 evidence/2026-09-09-independent-review/full-end-04-source-sha256.json
 create mode 100644 evidence/2026-09-09-independent-review/full-tests-workers2-result.json
 create mode 100644 evidence/2026-09-09-independent-review/module-boundaries-final-02.json
 create mode 100644 evidence/2026-09-09-independent-review/module-boundaries-final-03.json
 create mode 100644 evidence/2026-09-09-independent-review/module-boundaries-final-04.json
 create mode 100644 evidence/2026-09-09-independent-review/module-boundaries-final.json
 create mode 100644 evidence/2026-09-09-independent-review/playwright-final-02.config.ts
 create mode 100644 evidence/2026-09-09-independent-review/playwright-final-03.config.ts
 create mode 100644 evidence/2026-09-09-independent-review/playwright-final-04.config.ts
 create mode 100644 evidence/2026-09-09-independent-review/playwright-final.config.ts
 create mode 100644 evidence/2026-09-09-independent-review/playwright.config.ts
 create mode 100644 evidence/2026-09-09-independent-review/release-04-source-sha256.json
 create mode 100644 evidence/2026-09-09-independent-review/snapshot.mjs
 create mode 100644 evidence/2026-09-09-independent-review/verification-results-preacceptance.json
 create mode 100644 evidence/2026-09-09-independent-review/verification-results.json
 create mode 100644 evidence/2026-09-09-independent-review/verification-source-sha256.json
 create mode 100644 evidence/2026-09-09-module-completion/a1-closeout-sha256.json
 create mode 100644 evidence/2026-09-09-module-completion/a1-closeout.md
 create mode 100644 evidence/2026-09-09-module-completion/a3-cpp-final.json
 create mode 100644 evidence/2026-09-09-module-completion/a3-python-final-sha256.json
 create mode 100644 evidence/2026-09-09-module-completion/a3-python-final.md
 create mode 100644 evidence/2026-09-09-module-completion/check-evidence-ui.png
 create mode 100644 evidence/2026-09-09-module-completion/check-recovery-ui.png
 create mode 100644 evidence/2026-09-09-module-completion/check-ui-acceptance.mjs
 create mode 100644 evidence/2026-09-09-module-completion/check-ui-results.json
 create mode 100644 evidence/2026-09-09-module-completion/closeout-docs-status.txt
 create mode 100644 evidence/2026-09-09-module-completion/closeout-product-status.txt
 create mode 100644 evidence/2026-09-09-module-completion/closeout-results.json
 create mode 100644 evidence/2026-09-09-module-completion/closeout-source-sha256.json
 create mode 100644 evidence/2026-09-09-module-completion/history-grant-ui.png
 create mode 100644 evidence/2026-09-09-module-completion/history-revoke-ui.png
 create mode 100644 evidence/2026-09-09-module-completion/initial-head.txt
 create mode 100644 evidence/2026-09-09-module-completion/initial-source-sha256.json
 create mode 100644 evidence/2026-09-09-module-completion/initial-status.txt
 create mode 100644 evidence/2026-09-09-module-completion/planning-alpha-ui.png
 create mode 100644 evidence/2026-09-09-module-completion/planning-beta-ui.png
 create mode 100644 evidence/2026-09-09-module-completion/planning-ui-acceptance.mjs
 create mode 100644 evidence/2026-09-09-module-completion/planning-ui-results.json
 create mode 100644 evidence/2026-09-09-module-completion/semantic-query-ui.png
 create mode 100644 evidence/2026-09-09-module-completion/update-docs.mjs
 create mode 100644 evidence/2026-09-09-module-completion/update-stage-bc-docs.mjs
 create mode 100644 evidence/2026-09-09-module-completion/update-stage-bc-status.mjs
 create mode 100644 evidence/2026-09-09-module-completion/wire-project-index.mjs
 create mode 100644 evidence/2026-09-09-module-completion/wire-python-index.mjs
 create mode 100644 evidence/2026-09-09-module-completion/wire-revocation.mjs
 create mode 100644 evidence/2026-09-10-def17/acceptance.md
 create mode 100644 evidence/2026-09-10-def17/browser-end-source-sha256.json
 create mode 100644 evidence/2026-09-10-def17/candidate-source-sha256.json
 create mode 100644 evidence/2026-09-10-def17/close-state.mjs
 create mode 100644 evidence/2026-09-10-def17/core-handoff.md
 create mode 100644 evidence/2026-09-10-def17/final-document-before-wording-sha256.json
 create mode 100644 evidence/2026-09-10-def17/final-document-sha256.json
 create mode 100644 evidence/2026-09-10-def17/final-source-sha256.json
 create mode 100644 evidence/2026-09-10-def17/finish-state.mjs
 create mode 100644 evidence/2026-09-10-def17/full-end-source-sha256.json
 create mode 100644 evidence/2026-09-10-def17/historical-recovery-audit.md
 create mode 100644 evidence/2026-09-10-def17/historical-recovery-audit.mjs
 create mode 100644 evidence/2026-09-10-def17/historical-recovery-inventory.json
 create mode 100644 evidence/2026-09-10-def17/http-recovery-result.md
 create mode 100644 evidence/2026-09-10-def17/independent-candidate-check.json
 create mode 100644 evidence/2026-09-10-def17/independent-candidate-check.mjs
 create mode 100644 evidence/2026-09-10-def17/independent-completed-check.json
 create mode 100644 evidence/2026-09-10-def17/independent-final-check.json
 create mode 100644 evidence/2026-09-10-def17/independent-final-check.mjs
 create mode 100644 evidence/2026-09-10-def17/independent-review-initial-scope.json
 create mode 100644 evidence/2026-09-10-def17/independent-review.md
 create mode 100644 evidence/2026-09-10-def17/observation-ambiguity-fixed-check.json
 create mode 100644 evidence/2026-09-10-def17/observation-ambiguity-fixture/0000000000000000000000000000000000000000000000000000000000000000.json
 create mode 100644 evidence/2026-09-10-def17/observation-ambiguity-fixture/ffffffffffffffffffffffffffffffffffffffffffffffffffffffffffffffff.json
 create mode 100644 evidence/2026-09-10-def17/observation-ambiguity-reproduction.mjs
 create mode 100644 evidence/2026-09-10-def17/observation-ambiguity-result.json
 create mode 100644 evidence/2026-09-10-def17/record-final-docs.mjs
 create mode 100644 evidence/2026-09-10-def17/run-checks.sh
 create mode 100644 evidence/2026-09-10-def17/source-identity.mjs
 create mode 100644 evidence/2026-09-10-def17/source-mode-before-final/assets/index-BDq-QD5v.css
 create mode 100644 evidence/2026-09-10-def17/source-mode-before-final/assets/index-BJI4SUZf.js
 create mode 100644 evidence/2026-09-10-def17/source-mode-before-final/assets/task-graph-BnQsuTHk.js
 create mode 100644 evidence/2026-09-10-def17/source-mode-before-final/assets/task-graph-DLioOiRN.css
 create mode 100644 evidence/2026-09-10-def17/source-mode-before-final/assets/terminal-B1njb2Cr.css
 create mode 100644 evidence/2026-09-10-def17/source-mode-before-final/assets/terminal-B65Zetzd.js
 create mode 100644 evidence/2026-09-10-def17/source-mode-before-final/index.html
 create mode 100644 evidence/2026-09-10-def17/verification-results.json
 create mode 100644 evidence/2026-09-10-doc-accuracy/0.after.md
 create mode 100644 evidence/2026-09-10-doc-accuracy/0.before.md
 create mode 100644 evidence/2026-09-10-doc-accuracy/1.after.md
 create mode 100644 evidence/2026-09-10-doc-accuracy/1.before.md
 create mode 100644 evidence/2026-09-10-doc-accuracy/2.after.md
 create mode 100644 evidence/2026-09-10-doc-accuracy/2.before.md
 create mode 100644 evidence/2026-09-10-doc-accuracy/3.after.md
 create mode 100644 evidence/2026-09-10-doc-accuracy/3.before.md
 create mode 100644 evidence/2026-09-10-doc-accuracy/4.after.md
 create mode 100644 evidence/2026-09-10-doc-accuracy/apply.cjs
 create mode 100644 evidence/2026-09-10-doc-accuracy/changes.json
 create mode 100644 evidence/2026-09-10-doc-accuracy/finish-stage.cjs
 create mode 100644 evidence/2026-09-10-doc-accuracy/prepare.cjs
 create mode 100644 evidence/2026-09-10-doc-accuracy/source-check-after.json
 create mode 100644 evidence/2026-09-10-doc-accuracy/source-check-before.json
 create mode 100644 evidence/2026-09-10-external-review-repair/E-1-recovered-original/tests-app-explorations.original-19161.test.ts
 create mode 100644 evidence/2026-09-10-external-review-repair/EU-1-mutation-verification/README.md
 create mode 100644 evidence/2026-09-10-external-review-repair/EU-1-mutation-verification/eu1-mutation.diff
 create mode 100644 evidence/2026-09-10-external-review-repair/acceptance.md
 create mode 100644 evidence/2026-09-10-external-review-repair/before/candidate-04-source-sha256.json
 create mode 100644 evidence/2026-09-10-external-review-repair/before/docs-git-status.txt
 create mode 100644 evidence/2026-09-10-external-review-repair/before/external-review-independent-checks.json
 create mode 100644 evidence/2026-09-10-external-review-repair/before/product-git-status.txt
 rename {src => evidence/2026-09-10-external-review-repair/before/tests/src}/contracts/testing/state-ledger.double.ts (100%)
 create mode 100644 evidence/2026-09-10-external-review-repair/before/tests/tests/app/explorations.test.ts
 create mode 100644 evidence/2026-09-10-external-review-repair/before/tests/tests/contract-suite/architecture.contract.suite.ts
 create mode 100644 evidence/2026-09-10-external-review-repair/before/tests/tests/contract-suite/completed-work.contract.suite.ts
 create mode 100644 evidence/2026-09-10-external-review-repair/before/tests/tests/contract-suite/context.continuity.contract.suite.ts
 create mode 100644 evidence/2026-09-10-external-review-repair/before/tests/tests/control/remediation-writer-chain.test.ts
 create mode 100644 evidence/2026-09-10-external-review-repair/before/tests/tests/restart/p1-02-restart-fixtures.ts
 create mode 100644 evidence/2026-09-10-external-review-repair/before/tests/tests/restart/p1-03-restart-fixtures.ts
 create mode 100644 evidence/2026-09-10-external-review-repair/before/tests/tests/restart/p1-04-restart-fixtures.ts
 create mode 100644 evidence/2026-09-10-external-review-repair/before/tests/tests/restart/p1-05-restart-fixtures.ts
 create mode 100644 evidence/2026-09-10-external-review-repair/before/tests/tests/restart/p1-06-restart-fixtures.ts
 create mode 100644 evidence/2026-09-10-external-review-repair/before/tests/tests/restart/p1-07-restart-fixtures.ts
 create mode 100644 evidence/2026-09-10-external-review-repair/before/tests/tests/restart/p1-08-restart-fixtures.ts
 create mode 100644 evidence/2026-09-10-external-review-repair/before/tests/tests/restart/p1-09-restart-fixtures.ts
 create mode 100644 evidence/2026-09-10-external-review-repair/before/tests/tests/restart/p1-10-restart-fixtures.ts
 create mode 100644 evidence/2026-09-10-external-review-repair/before/tests/tests/restart/p1-11-restart-fixtures.ts
 create mode 100644 evidence/2026-09-10-external-review-repair/before/tests/tests/restart/p1-12-restart-fixtures.ts
 create mode 100644 evidence/2026-09-10-external-review-repair/before/tests/tests/restart/p1-13-restart-fixtures.ts
 create mode 100644 evidence/2026-09-10-external-review-repair/before/tests/tests/restart/p1-14-restart-fixtures.ts
 create mode 100644 evidence/2026-09-10-external-review-repair/before/tests/tests/restart/p1-15-restart-fixtures.ts
 create mode 100644 evidence/2026-09-10-external-review-repair/before/tests/tests/restart/p1-16-restart-fixtures.ts
 create mode 100644 evidence/2026-09-10-external-review-repair/before/tests/tests/restart/p1-17-restart-fixtures.ts
 create mode 100644 evidence/2026-09-10-external-review-repair/eu1-mutation.diff
 create mode 100644 evidence/2026-09-10-external-review-repair/f01-prefix-reproduction/README.md
 create mode 100644 evidence/2026-09-10-external-review-repair/f01-prefix-reproduction/prefix-f01-reproduction.test.ts
 create mode 100644 evidence/2026-09-10-external-review-repair/final/final-source-sha256.json
 create mode 100644 evidence/2026-09-10-external-review-repair/final/module-boundaries-final.json
 create mode 100644 evidence/2026-09-10-external-review-repair/module-boundaries-targeted.json
 create mode 100644 evidence/2026-09-10-external-review-repair/r4-probe-fault-injection/README.md
 create mode 100644 evidence/2026-09-10-external-review-repair/r4-probe-fault-injection/r4-injection.test.ts
 create mode 100644 evidence/2026-09-10-external-review-repair/r4-probe-fault-injection/r4-injection.vitest.config.mjs
 create mode 100644 evidence/2026-09-10-external-review-repair/state-audit/acceptance.md
 create mode 100644 evidence/2026-09-10-external-review-repair/state-audit/audit.mjs
 create mode 100644 evidence/2026-09-10-external-review-repair/state-audit/audited-src_app_server.ts
 create mode 100644 evidence/2026-09-10-external-review-repair/state-audit/audited-src_control_leased-worker-runtime.ts
 create mode 100644 evidence/2026-09-10-external-review-repair/state-audit/audited-tests_control_remediation-writer-chain.test.ts
 create mode 100644 evidence/2026-09-10-external-review-repair/state-audit/audited-tests_control_reviewer-lease-conflict-recovery.test.ts
 create mode 100644 evidence/2026-09-10-external-review-repair/state-audit/default-cli-smoke.mjs
 create mode 100644 evidence/2026-09-10-external-review-repair/state-audit/history/docs/dev_docs/interfaces/independent-review.md
 create mode 100644 evidence/2026-09-10-external-review-repair/state-audit/history/docs/dev_docs/planning/active/external-review-repair/ERR-01-reviewer-recovery.md
 create mode 100644 evidence/2026-09-10-external-review-repair/state-audit/history/docs/dev_docs/planning/active/external-review-repair/ERR-02-test-trust.md
 create mode 100644 evidence/2026-09-10-external-review-repair/state-audit/history/docs/dev_docs/planning/active/external-review-repair/ERR-03-boundaries-doc-audit.md
 create mode 100644 evidence/2026-09-10-external-review-repair/state-audit/history/docs/dev_docs/planning/active/external-review-repair/README.md
 create mode 100644 evidence/2026-09-10-external-review-repair/state-audit/history/docs/dev_docs/planning/active/external-review-repair/deferred-register.md
 create mode 100644 evidence/2026-09-10-external-review-repair/state-audit/history/docs/dev_docs/verification/2026-09-10-external-review-repair/integration-handoff.md
 create mode 100644 evidence/2026-09-10-external-review-repair/state-audit/history/docs/human/module-status.md
 create mode 100644 evidence/2026-09-10-external-review-repair/state-audit/history/product/IMPLEMENTATION-HANDOFF.md
 create mode 100644 evidence/2026-09-10-external-review-repair/state-audit/history/product/evidence/2026-09-10-external-review-repair/acceptance.md
 create mode 100644 evidence/2026-09-10-external-review-repair/state-audit/independent-state-audit.md
 create mode 100644 evidence/2026-09-10-external-review-repair/state-audit/initial-state-audit.json
 create mode 100644 evidence/2026-09-10-external-review-repair/state-audit/prestart-coverage-result.md
 create mode 100644 evidence/2026-09-10-external-review-repair/state-audit/r4-prefix-injection.test.ts
 create mode 100644 evidence/2026-09-10-external-review-repair/state-audit/r4-prefix-injection.vitest.config.mjs
 create mode 100644 evidence/2026-09-10-external-review-repair/state-audit/supplement-review.md
 create mode 100644 evidence/2026-09-10-external-review-repair/state-audit/unify-state.mjs
 create mode 100644 evidence/2026-09-10-external-review-repair/test-snapshots/COVERAGE-NOTE.md
 create mode 100644 evidence/2026-09-10-external-review-repair/test-snapshots/after/src_contracts_testing_state-ledger.double.ts
 create mode 100644 evidence/2026-09-10-external-review-repair/test-snapshots/after/src_ui_tests_fixture-server.mjs
 create mode 100644 evidence/2026-09-10-external-review-repair/test-snapshots/after/tests_app_explorations.test.ts
 create mode 100644 evidence/2026-09-10-external-review-repair/test-snapshots/after/tests_app_gui.test.ts
 create mode 100644 evidence/2026-09-10-external-review-repair/test-snapshots/after/tests_contract-suite_architecture.contract.suite.ts
 create mode 100644 evidence/2026-09-10-external-review-repair/test-snapshots/after/tests_contract-suite_completed-work.contract.suite.ts
 create mode 100644 evidence/2026-09-10-external-review-repair/test-snapshots/after/tests_contract-suite_console.contract.suite.ts
 create mode 100644 evidence/2026-09-10-external-review-repair/test-snapshots/after/tests_contract-suite_context.continuity.contract.suite.ts
 create mode 100644 evidence/2026-09-10-external-review-repair/test-snapshots/after/tests_control_remediation-writer-chain.test.ts
 create mode 100644 evidence/2026-09-10-external-review-repair/test-snapshots/after/tests_control_workspace-registration.test.ts
 create mode 100644 evidence/2026-09-10-external-review-repair/test-snapshots/after/tests_restart_evidence_p1-01-evidence.test.ts
 create mode 100644 evidence/2026-09-10-external-review-repair/test-snapshots/after/tests_restart_persistent-restart.test.ts
 create mode 100644 evidence/2026-09-10-external-review-repair/test-snapshots/after/tests_verification_code-graph-port.test.ts
 create mode 100644 evidence/2026-09-10-external-review-repair/test-snapshots/diff/src_contracts_testing_state-ledger.double.ts.diff
 create mode 100644 evidence/2026-09-10-external-review-repair/test-snapshots/diff/tests_app_explorations.test.ts.diff
 create mode 100644 evidence/2026-09-10-external-review-repair/test-snapshots/diff/tests_contract-suite_architecture.contract.suite.ts.diff
 create mode 100644 evidence/2026-09-10-external-review-repair/test-snapshots/diff/tests_contract-suite_completed-work.contract.suite.ts.diff
 create mode 100644 evidence/2026-09-10-external-review-repair/test-snapshots/diff/tests_contract-suite_context.continuity.contract.suite.ts.diff
 create mode 100644 evidence/2026-09-10-external-review-repair/test-snapshots/diff/tests_control_remediation-writer-chain.test.ts.diff
 create mode 100644 evidence/2026-09-10-external-review-repair/test-snapshots/diff/tests_restart_p1-02-restart-fixtures.ts.diff
 create mode 100644 evidence/2026-09-10-external-review-repair/test-snapshots/diff/tests_restart_p1-03-restart-fixtures.ts.diff
 create mode 100644 evidence/2026-09-10-external-review-repair/test-snapshots/diff/tests_restart_p1-04-restart-fixtures.ts.diff
 create mode 100644 evidence/2026-09-10-external-review-repair/test-snapshots/diff/tests_restart_p1-05-restart-fixtures.ts.diff
 create mode 100644 evidence/2026-09-10-external-review-repair/test-snapshots/diff/tests_restart_p1-06-restart-fixtures.ts.diff
 create mode 100644 evidence/2026-09-10-external-review-repair/test-snapshots/diff/tests_restart_p1-07-restart-fixtures.ts.diff
 create mode 100644 evidence/2026-09-10-external-review-repair/test-snapshots/diff/tests_restart_p1-08-restart-fixtures.ts.diff
 create mode 100644 evidence/2026-09-10-external-review-repair/test-snapshots/diff/tests_restart_p1-09-restart-fixtures.ts.diff
 create mode 100644 evidence/2026-09-10-external-review-repair/test-snapshots/diff/tests_restart_p1-10-restart-fixtures.ts.diff
 create mode 100644 evidence/2026-09-10-external-review-repair/test-snapshots/diff/tests_restart_p1-11-restart-fixtures.ts.diff
 create mode 100644 evidence/2026-09-10-external-review-repair/test-snapshots/diff/tests_restart_p1-12-restart-fixtures.ts.diff
 create mode 100644 evidence/2026-09-10-external-review-repair/test-snapshots/diff/tests_restart_p1-13-restart-fixtures.ts.diff
 create mode 100644 evidence/2026-09-10-external-review-repair/test-snapshots/diff/tests_restart_p1-14-restart-fixtures.ts.diff
 create mode 100644 evidence/2026-09-10-external-review-repair/test-snapshots/diff/tests_restart_p1-15-restart-fixtures.ts.diff
 create mode 100644 evidence/2026-09-10-external-review-repair/test-snapshots/diff/tests_restart_p1-16-restart-fixtures.ts.diff
 create mode 100644 evidence/2026-09-10-external-review-repair/test-snapshots/diff/tests_restart_p1-17-restart-fixtures.ts.diff
 create mode 100644 evidence/2026-09-10-external-review/README.md
 create mode 100644 evidence/2026-09-10-external-review/independent-checks.json
 create mode 100644 evidence/2026-09-10-external-review/independent-checks.mjs
 create mode 100644 evidence/2026-09-10-external-review/lease-refusal.test.ts
 create mode 100644 evidence/2026-09-10-external-review/vitest-lease.config.mjs
 create mode 100644 evidence/2026-09-10-module-folder-reorg/after-source-sha256.json
 create mode 100644 evidence/2026-09-10-module-folder-reorg/before-source-sha256.json
 create mode 100644 evidence/2026-09-10-module-folder-reorg/content-preservation.json
 create mode 100644 evidence/2026-09-10-module-folder-reorg/final-source-sha256.json
 create mode 100644 evidence/2026-09-10-module-folder-reorg/independent-review/audit.json
 create mode 100644 evidence/2026-09-10-module-folder-reorg/independent-review/audit.mjs
 create mode 100644 evidence/2026-09-10-module-folder-reorg/independent-review/before/scripts/check-module-boundaries.mjs
 create mode 100644 evidence/2026-09-10-module-folder-reorg/independent-review/before/scripts/copy-ui.mjs
 create mode 100644 evidence/2026-09-10-module-folder-reorg/independent-review/before/scripts/module-map.mjs
 create mode 100644 evidence/2026-09-10-module-folder-reorg/independent-review/before/scripts/verify-source-index.mjs
 create mode 100644 evidence/2026-09-10-module-folder-reorg/independent-review/before/scripts/verify-vault-crash.mjs
 create mode 100644 evidence/2026-09-10-module-folder-reorg/independent-review/before/src/app/workspace-tools.ts
 rename {src => evidence/2026-09-10-module-folder-reorg/independent-review/before/src}/contracts/ledger-validation.ts (79%)
 create mode 100644 evidence/2026-09-10-module-folder-reorg/independent-review/before/src/data/cpp-source-index.ts
 create mode 100644 evidence/2026-09-10-module-folder-reorg/independent-review/before/src/data/python-source-index.ts
 create mode 100644 evidence/2026-09-10-module-folder-reorg/independent-review/before/src/read-model/read-model-index.ts
 create mode 100644 evidence/2026-09-10-module-folder-reorg/independent-review/before/src/runtime/coding-agent-runtime.ts
 create mode 100644 evidence/2026-09-10-module-folder-reorg/independent-review/before/src/runtime/observed-model-run.ts
 create mode 100644 evidence/2026-09-10-module-folder-reorg/independent-review/before/tests/app/reviewer-recovery-fixture.ts
 create mode 100644 evidence/2026-09-10-module-folder-reorg/independent-review/boundaries.json
 create mode 100644 evidence/2026-09-10-module-folder-reorg/independent-review/diffs/scripts/check-module-boundaries.mjs.diff
 create mode 100644 evidence/2026-09-10-module-folder-reorg/independent-review/diffs/scripts/copy-ui.mjs.diff
 create mode 100644 evidence/2026-09-10-module-folder-reorg/independent-review/diffs/scripts/module-map.mjs.diff
 create mode 100644 evidence/2026-09-10-module-folder-reorg/independent-review/diffs/scripts/verify-source-index.mjs.diff
 create mode 100644 evidence/2026-09-10-module-folder-reorg/independent-review/diffs/scripts/verify-vault-crash.mjs.diff
 create mode 100644 evidence/2026-09-10-module-folder-reorg/independent-review/diffs/src/app/workspace-tools.ts.diff
 create mode 100644 evidence/2026-09-10-module-folder-reorg/independent-review/diffs/src/contracts/ledger-validation.ts.diff
 create mode 100644 evidence/2026-09-10-module-folder-reorg/independent-review/diffs/src/data/cpp-source-index.ts.diff
 create mode 100644 evidence/2026-09-10-module-folder-reorg/independent-review/diffs/src/data/python-source-index.ts.diff
 create mode 100644 evidence/2026-09-10-module-folder-reorg/independent-review/diffs/src/read-model/read-model-index.ts.diff
 create mode 100644 evidence/2026-09-10-module-folder-reorg/independent-review/diffs/src/runtime/coding-agent-runtime.ts.diff
 create mode 100644 evidence/2026-09-10-module-folder-reorg/independent-review/diffs/src/runtime/observed-model-run.ts.diff
 create mode 100644 evidence/2026-09-10-module-folder-reorg/independent-review/diffs/tests/app/reviewer-recovery-fixture.ts.diff
 create mode 100644 evidence/2026-09-10-module-folder-reorg/independent-review/module-boundaries-reviewed.md
 create mode 100644 evidence/2026-09-10-module-folder-reorg/independent-review/original-docs-validate.txt
 create mode 100644 evidence/2026-09-10-module-folder-reorg/independent-review/reconstructed/scripts/check-module-boundaries.mjs
 create mode 100644 evidence/2026-09-10-module-folder-reorg/independent-review/reconstructed/scripts/copy-ui.mjs
 create mode 100644 evidence/2026-09-10-module-folder-reorg/independent-review/reconstructed/scripts/module-map.mjs
 create mode 100644 evidence/2026-09-10-module-folder-reorg/independent-review/reconstructed/scripts/verify-source-index.mjs
 create mode 100644 evidence/2026-09-10-module-folder-reorg/independent-review/reconstructed/scripts/verify-vault-crash.mjs
 create mode 100644 evidence/2026-09-10-module-folder-reorg/independent-review/reconstructed/src/app/workspace-tools.ts
 create mode 100644 evidence/2026-09-10-module-folder-reorg/independent-review/reconstructed/src/contracts/ledger-validation.ts
 create mode 100644 evidence/2026-09-10-module-folder-reorg/independent-review/reconstructed/src/data/cpp-source-index.ts
 create mode 100644 evidence/2026-09-10-module-folder-reorg/independent-review/reconstructed/src/data/python-source-index.ts
 rename {src => evidence/2026-09-10-module-folder-reorg/independent-review/reconstructed/src}/read-model/read-model-index.ts (94%)
 create mode 100644 evidence/2026-09-10-module-folder-reorg/independent-review/reconstructed/src/runtime/coding-agent-runtime.ts
 create mode 100644 evidence/2026-09-10-module-folder-reorg/independent-review/reconstructed/src/runtime/observed-model-run.ts
 create mode 100644 evidence/2026-09-10-module-folder-reorg/independent-review/reconstructed/tests/app/reviewer-recovery-fixture.ts
 create mode 100644 evidence/2026-09-10-module-folder-reorg/independent-review/recover-before.mjs
 create mode 100644 evidence/2026-09-10-module-folder-reorg/independent-review/recovered-before.json
 create mode 100644 evidence/2026-09-10-module-folder-reorg/independent-review/review-results.json
 create mode 100644 evidence/2026-09-10-module-folder-reorg/independent-review/review.md
 create mode 100644 evidence/2026-09-10-module-folder-reorg/module-boundaries-reorg.json
 create mode 100644 evidence/2026-09-10-module-folder-reorg/path-migration-map.json
 create mode 100644 evidence/2026-09-10-module-folder-reorg/reorg-report.md
 create mode 100644 evidence/2026-09-10-module-folder-reorg/report-data.json
 create mode 100644 evidence/2026-09-10-module-folder-reorg/verification-summary.json
 create mode 100644 evidence/2026-09-11-architecture-convergence/audit-control.md
 create mode 100644 evidence/2026-09-11-architecture-convergence/audit-data.md
 create mode 100644 evidence/2026-09-11-architecture-convergence/audit-interaction.md
 create mode 100644 evidence/2026-09-11-architecture-convergence/baseline-docs-status.txt
 create mode 100644 evidence/2026-09-11-architecture-convergence/baseline-docs.diff
 create mode 100644 evidence/2026-09-11-architecture-convergence/baseline-product-status.txt
 create mode 100644 evidence/2026-09-11-architecture-convergence/baseline-product.diff
 create mode 100644 evidence/2026-09-11-architecture-convergence/baseline.json
 create mode 100644 evidence/2026-09-11-architecture-convergence/boundaries-final.json
 create mode 100644 evidence/2026-09-11-architecture-convergence/browser-first-results/.last-run.json
 create mode 100644 evidence/2026-09-11-architecture-convergence/browser-first-results/independent-review-a-commi-d8aad-s-its-actual-issue-location/error-context.md
 create mode 100644 evidence/2026-09-11-architecture-convergence/browser-first-results/independent-review-indepen-cd6d7-t-without-another-model-run/error-context.md
 create mode 100644 evidence/2026-09-11-architecture-convergence/browser-first-results/reviewer-recovery-a-persis-e74fa-t-be-authorized-from-the-UI/error-context.md
 create mode 100644 evidence/2026-09-11-architecture-convergence/browser-first-results/reviewer-recovery-authoriz-eb62e--Reviewer-result-chain-once/error-context.md
 create mode 100644 "evidence/2026-09-11-architecture-convergence/browser-first-results/ui-01-scope-UI-01-\344\275\234\347\224\250\345\237\237\351\232\224\347\246\273\344\270\216\346\227\247\345\223\215\345\272\224\345\277\275\347\225\245-\350\215\211\347\250\277\343\200\201\347\233\256\346\240\207\344\270\216\346\226\207\344\273\266\345\274\225\347\224\250\344\270\215\350\267\250\351\241\271\347\233\256\344\270\262\347\224\250\357\274\214\345\273\266\350\277\237\347\232\204\346\227\247\350\257\267\346\261\202\344\270\215\350\246\206\347\233\226\346\226\260\344\275\234\347\224\250\345\237\237/error-context.md"
 create mode 100644 "evidence/2026-09-11-architecture-convergence/browser-first-results/ui-02-layout-UI-02-\345\270\203\345\261\200\343\200\201\346\240\207\347\255\276\344\270\216\346\201\242\345\244\215-\346\212\230\345\217\240\345\272\225\351\203\250\345\267\245\345\205\267\345\214\272\344\270\215\344\274\232\347\273\210\346\255\242\347\273\210\347\253\257\344\274\232\350\257\235/error-context.md"
 create mode 100644 "evidence/2026-09-11-architecture-convergence/browser-first-results/ui-02-layout-UI-02-\345\270\203\345\261\200\343\200\201\346\240\207\347\255\276\344\270\216\346\201\242\345\244\215-\350\260\203\346\225\264\345\256\275\345\272\246\343\200\201\345\233\272\345\256\232\344\270\216\345\205\263\351\227\255\346\240\207\347\255\276\343\200\201\345\210\267\346\226\260\345\220\216\346\201\242\345\244\215\357\274\214\344\270\255\346\240\217\344\270\215\345\260\217\344\272\216-280px/error-context.md"
 create mode 100644 "evidence/2026-09-11-architecture-convergence/browser-first-results/ui-03-reading-UI-03-\347\250\263\345\256\232\351\230\205\350\257\273-\345\220\221\344\270\212\351\230\205\350\257\273\346\227\266\345\210\267\346\226\260\344\270\215\346\212\242\346\273\232\345\212\250\343\200\201\344\270\215\344\270\242\347\204\246\347\202\271\344\270\216\350\215\211\347\250\277\357\274\214\346\226\260\346\266\210\346\201\257\346\217\220\347\244\272\345\217\257\347\224\250/error-context.md"
 create mode 100644 "evidence/2026-09-11-architecture-convergence/browser-first-results/ui-04-reference-UI-04-\346\226\207\344\273\266\345\274\225\347\224\250\344\270\216\347\211\210\346\234\254\346\240\270\345\257\271-\345\256\232\344\275\215\350\241\214\343\200\201\351\200\211\346\213\251\347\211\207\346\256\265\343\200\201\345\212\240\345\205\245\350\215\211\347\250\277\357\274\233\346\217\220\344\272\244\345\211\215\346\226\207\344\273\266\345\217\230\345\214\226\344\274\232\350\242\253\346\234\215\345\212\241\345\231\250\346\213\222\347\273\235/error-context.md"
 create mode 100644 "evidence/2026-09-11-architecture-convergence/browser-first-results/ui-05-09-detail-UI-05-\344\273\273\345\212\241\344\270\216--403f5-\344\270\216-Agent-\346\211\223\345\274\200\345\220\214\344\270\200\345\257\271\350\261\241\357\274\233\350\277\220\350\241\214\347\273\223\346\235\237\344\270\215\344\275\277\344\273\273\345\212\241\350\207\252\345\212\250\351\200\232\350\277\207/error-context.md"
 create mode 100644 "evidence/2026-09-11-architecture-convergence/browser-first-results/ui-05-09-detail-UI-09-\351\207\215\345\244\215\346\217\220\344\272\244-13923-\345\223\215\345\272\224-malformed\357\274\232\351\230\273\346\255\242\350\246\206\347\233\226\357\274\214\345\210\267\346\226\260\351\207\215\350\257\225\344\270\215\351\207\215\345\244\215\345\210\233\345\273\272/error-context.md"
 create mode 100644 "evidence/2026-09-11-architecture-convergence/browser-first-results/ui-05-09-detail-UI-09-\351\207\215\345\244\215\346\217\220\344\272\244-55672-\344\272\244\344\275\206\345\223\215\345\272\224-dropped\357\274\232\351\230\273\346\255\242\350\246\206\347\233\226\357\274\214\345\210\267\346\226\260\351\207\215\350\257\225\344\270\215\351\207\215\345\244\215\345\210\233\345\273\272/error-context.md"
 create mode 100644 "evidence/2026-09-11-architecture-convergence/browser-first-results/ui-05-09-detail-UI-09-\351\207\215\345\244\215\346\217\220\344\272\244\344\270\216\346\234\252\347\237\245\347\273\223\346\236\234-\345\220\216\347\253\257\345\267\262\346\217\220\344\272\244\344\275\206\345\223\215\345\272\224\344\270\242\345\244\261\357\274\232\345\210\267\346\226\260\345\220\216\346\237\245\350\257\242\345\233\236\346\211\247\345\215\263\345\217\257\347\241\256\350\256\244\357\274\214\344\270\215\351\207\215\345\244\215\345\210\233\345\273\272/error-context.md"
 create mode 100644 "evidence/2026-09-11-architecture-convergence/browser-first-results/ui-05-09-detail-UI-09-\351\207\215\345\244\215\346\217\220\344\272\244\344\270\216\346\234\252\347\237\245\347\273\223\346\236\234-\347\275\221\347\273\234\345\244\261\350\264\245\346\230\276\347\244\272\347\273\223\346\236\234\346\234\252\347\237\245\357\274\214\351\207\215\350\257\225\345\244\215\347\224\250\345\220\214\344\270\200\350\257\267\346\261\202\346\240\207\350\257\206\344\270\224\344\270\215\351\207\215\345\244\215\345\210\233\345\273\272/error-context.md"
 create mode 100644 "evidence/2026-09-11-architecture-convergence/browser-first-results/ui-06-07-08-UI-06-\346\243\200\346\237\245\344\270\216\346\212\245\345\221\212-\347\234\237\345\256\236\350\277\220\350\241\214\345\211\215\344\270\215\346\217\220\344\276\233\345\201\207\346\212\245\345\221\212\357\274\233\346\243\200\346\237\245\345\205\245\345\217\243\345\217\252\345\234\250\346\234\211\347\234\237\345\256\236\350\277\220\350\241\214\346\227\266\345\207\272\347\216\260/error-context.md"
 create mode 100644 "evidence/2026-09-11-architecture-convergence/browser-first-results/ui-06-07-08-UI-07-\347\273\210\347\253\257-\347\234\237\345\256\236\345\221\275\344\273\244\350\276\223\345\207\272\343\200\201\346\230\276\345\274\217\344\270\255\346\226\255\343\200\201\346\212\230\345\217\240\344\270\216\351\207\215\350\277\236/error-context.md"
 create mode 100644 "evidence/2026-09-11-architecture-convergence/browser-first-results/ui-06-07-08-UI-08-\346\250\241\345\236\213\350\256\276\347\275\256-\344\277\235\345\255\230\345\233\236\346\211\247\343\200\201\345\257\206\351\222\245\344\270\215\346\263\204\346\274\217\357\274\214\346\266\210\350\264\271\350\200\205\347\211\210\346\234\254\345\257\271\347\205\247\345\217\257\350\247\201/error-context.md"
 create mode 100644 "evidence/2026-09-11-architecture-convergence/browser-first-results/ui-06-report-scope-UI-06-\346\212\245-c2b6d-\347\232\204\346\212\245\345\221\212\345\223\215\345\272\224\344\270\215\346\230\276\347\244\272\345\234\250\346\226\260\347\233\256\346\240\207\344\270\213\357\274\214\345\210\207\346\215\242\345\220\216\345\261\225\347\244\272\346\226\260\344\275\234\347\224\250\345\237\237\350\207\252\350\272\253\347\212\266\346\200\201/error-context.md"
 create mode 100644 "evidence/2026-09-11-architecture-convergence/browser-first-results/ui-10-11-UI-10-\346\234\252\346\216\245\351\200\232\350\203\275\345\212\233\347\232\204\345\207\206\347\241\256\345\221\210\347\216\260--eabc1-\351\241\271\357\274\214Reviewer\345\217\252\345\221\210\347\216\260\347\234\237\345\256\236\346\235\220\346\226\231\347\212\266\346\200\201\350\200\214\344\270\215\344\275\277\347\224\250\345\233\272\345\256\232\347\244\272\344\276\213/error-context.md"
 create mode 100644 "evidence/2026-09-11-architecture-convergence/browser-first-results/ui-10-11-UI-11-\344\270\211\347\247\215\345\260\272\345\257\270\344\270\216\351\224\256\347\233\230\346\223\215\344\275\234-\345\271\263\346\235\277-1024x768-\346\240\270\345\277\203\346\223\215\344\275\234\345\217\257\350\276\276\344\270\224\346\227\240\346\250\252\345\220\221\346\272\242\345\207\272/error-context.md"
 create mode 100644 "evidence/2026-09-11-architecture-convergence/browser-first-results/ui-10-11-UI-11-\344\270\211\347\247\215\345\260\272\345\257\270\344\270\216\351\224\256\347\233\230\346\223\215\344\275\234-\346\211\213\346\234\272-390x844-\346\240\270\345\277\203\346\223\215\344\275\234\345\217\257\350\276\276\344\270\224\346\227\240\346\250\252\345\220\221\346\272\242\345\207\272/error-context.md"
 create mode 100644 "evidence/2026-09-11-architecture-convergence/browser-first-results/ui-10-11-UI-11-\344\270\211\347\247\215\345\260\272\345\257\270\344\270\216\351\224\256\347\233\230\346\223\215\344\275\234-\346\240\207\347\255\276\346\226\271\345\220\221\351\224\256\343\200\201\350\217\234\345\215\225-Escape-\347\204\246\347\202\271\350\277\224\345\233\236\343\200\201\345\210\206\351\232\224\346\235\241\351\224\256\347\233\230\350\260\203\346\225\264\344\270\216\344\270\273\351\242\230\345\210\207\346\215\242/error-context.md"
 create mode 100644 "evidence/2026-09-11-architecture-convergence/browser-first-results/ui-10-11-UI-11-\344\270\211\347\247\215\345\260\272\345\257\270\344\270\216\351\224\256\347\233\230\346\223\215\344\275\234-\346\241\214\351\235\242-1440x900-\346\240\270\345\277\203\346\223\215\344\275\234\345\217\257\350\276\276\344\270\224\346\227\240\346\250\252\345\220\221\346\272\242\345\207\272/error-context.md"
 create mode 100644 "evidence/2026-09-11-architecture-convergence/browser-first-results/verification-rounds-VR-01--73451-oad-\346\237\245\350\257\242\345\216\237\345\233\236\346\211\247\344\270\215\351\207\215\350\267\221\357\274\233\346\272\220\346\226\207\344\273\266\346\224\271\345\217\230\345\217\252\346\212\212\346\227\247\350\275\256\346\254\241\346\240\207\344\270\272\350\277\207\346\234\237/error-context.md"
 create mode 100644 "evidence/2026-09-11-architecture-convergence/browser-first-results/verification-rounds-VR-01--ae995-\344\277\235\347\225\231-Reviewer-\347\274\272\351\241\271\345\222\214\346\234\215\345\212\241\351\207\215\345\274\200\345\220\216\347\232\204\345\216\237\345\247\213\345\244\261\350\264\245\346\212\245\345\221\212/error-context.md"
 create mode 100644 evidence/2026-09-11-architecture-convergence/browser-second-results/independent-review-a-commi-d8aad-s-its-actual-issue-location/error-context.md
 create mode 100644 evidence/2026-09-11-architecture-convergence/browser-second-results/independent-review-a-commi-d8aad-s-its-actual-issue-location/test-failed-1.png
 create mode 100644 evidence/2026-09-11-architecture-convergence/browser-second-results/independent-review-indepen-cd6d7-t-without-another-model-run/error-context.md
 create mode 100644 evidence/2026-09-11-architecture-convergence/browser-second-results/independent-review-indepen-cd6d7-t-without-another-model-run/test-failed-1.png
 create mode 100644 evidence/2026-09-11-architecture-convergence/browser-second-results/reviewer-recovery-authoriz-eb62e--Reviewer-result-chain-once/error-context.md
 create mode 100644 evidence/2026-09-11-architecture-convergence/build-artifacts.json
 create mode 100644 evidence/2026-09-11-architecture-convergence/candidate.json
 create mode 100644 evidence/2026-09-11-architecture-convergence/check-artifacts.mjs
 create mode 100644 evidence/2026-09-11-architecture-convergence/closeout.mjs
 create mode 100644 evidence/2026-09-11-architecture-convergence/closure.json
 create mode 100644 evidence/2026-09-11-architecture-convergence/convergence-changes.json
 create mode 100644 evidence/2026-09-11-architecture-convergence/data-changes.md
 create mode 100644 evidence/2026-09-11-architecture-convergence/data-state-final-review.md
 create mode 100644 evidence/2026-09-11-architecture-convergence/data-state-handoff.md
 create mode 100644 evidence/2026-09-11-architecture-convergence/data-state-preservation.json
 create mode 100644 evidence/2026-09-11-architecture-convergence/dispatch-materials.mjs
 create mode 100644 evidence/2026-09-11-architecture-convergence/doc-review-fixes.mjs
 create mode 100644 evidence/2026-09-11-architecture-convergence/docs-review.md
 create mode 100644 evidence/2026-09-11-architecture-convergence/final-fixes.mjs
 create mode 100644 evidence/2026-09-11-architecture-convergence/final-review-data.md
 create mode 100644 evidence/2026-09-11-architecture-convergence/final-review-docs.md
 create mode 100644 evidence/2026-09-11-architecture-convergence/final-review-plan.md
 create mode 100644 evidence/2026-09-11-architecture-convergence/final-review-verification.md
 create mode 100644 evidence/2026-09-11-architecture-convergence/final-review-view.md
 create mode 100644 evidence/2026-09-11-architecture-convergence/final.json
 create mode 100644 evidence/2026-09-11-architecture-convergence/integrate.mjs
 create mode 100644 evidence/2026-09-11-architecture-convergence/pre-archive.json
 create mode 100644 evidence/2026-09-11-architecture-convergence/prune-documents.mjs
 create mode 100644 evidence/2026-09-11-architecture-convergence/readability.mjs
 create mode 100644 evidence/2026-09-11-architecture-convergence/refactor-output-facts.mjs
 create mode 100644 evidence/2026-09-11-architecture-convergence/refactor-verification.mjs
 create mode 100644 evidence/2026-09-11-architecture-convergence/regression-fixes.mjs
 create mode 100644 evidence/2026-09-11-architecture-convergence/resumed.json
 create mode 100644 evidence/2026-09-11-architecture-convergence/snapshot.mjs
 create mode 100644 evidence/2026-09-11-architecture-convergence/source-comment-history/role-output-completeness.ts
 create mode 100644 evidence/2026-09-11-architecture-convergence/source-comment-history/work-run-materials.ts
 create mode 100644 evidence/2026-09-11-architecture-convergence/status-final-product.txt
 create mode 100644 evidence/2026-09-11-architecture-convergence/sync-module-specs.mjs
 create mode 100644 evidence/2026-09-11-architecture-convergence/tickets.md
 create mode 100644 evidence/2026-09-11-architecture-convergence/type-fixes.mjs
 create mode 100644 evidence/2026-09-11-architecture-convergence/update-main-docs.mjs
 create mode 100644 evidence/2026-09-11-architecture-convergence/verification.md
 create mode 100644 evidence/2026-09-11-architecture-convergence/view-changes.md
 create mode 100644 evidence/2026-09-11-architecture-convergence/view-cleanup.mjs
 create mode 100644 evidence/2026-09-11-architecture-convergence/view-transform.mjs
 create mode 100644 evidence/2026-09-11-architecture-convergence/write-handoff.mjs
 create mode 100644 evidence/2026-09-11-architecture-convergence/write-summary.mjs
 create mode 100644 evidence/2026-09-11-architecture-convergence/write-verification.mjs
 create mode 100644 evidence/2026-09-11-contracts-usage-audit/audit.mjs
 create mode 100644 evidence/2026-09-11-contracts-usage-audit/usage-audit.md
 create mode 100644 evidence/2026-09-11-document-pruning/after.json
 create mode 100644 evidence/2026-09-11-document-pruning/before.json
 create mode 100644 evidence/2026-09-11-document-pruning/handoff-before.md.txt
 create mode 100644 evidence/2026-09-11-document-pruning/independent-review.md
 create mode 100644 evidence/2026-09-11-document-pruning/manifest.json
 create mode 100644 evidence/2026-09-11-document-pruning/verification.json
 create mode 100644 evidence/2026-09-11-module-status-diagram/before-flow-overlay.md.txt
 create mode 100644 evidence/2026-09-11-module-status-diagram/before.md.txt
 create mode 100644 evidence/2026-09-11-semantic-completion/backend-types-2.exit
 create mode 100644 evidence/2026-09-11-semantic-completion/baseline.json
 create mode 100644 evidence/2026-09-11-semantic-completion/boundaries.exit
 create mode 100644 evidence/2026-09-11-semantic-completion/boundaries.json
 create mode 100644 evidence/2026-09-11-semantic-completion/browser-results/.playwright-artifacts-0/041e75dfada16928f8c71234c04416a0.png
 create mode 100644 evidence/2026-09-11-semantic-completion/browser-results/.playwright-artifacts-0/55631f70b3973f5ea7f2e2f60425ef76.png
 create mode 100644 evidence/2026-09-11-semantic-completion/browser-results/.playwright-artifacts-0/de1bbacc28feeedaf2ba2670ef9ae63b.png
 create mode 100644 evidence/2026-09-11-semantic-completion/browser-results/.playwright-artifacts-0/df077b57091f135440bfaf09950239f5.png
 create mode 100644 evidence/2026-09-11-semantic-completion/browser-results/.playwright-artifacts-0/e591ad539ce3d6fa3d40c7554cdab2af.png
 create mode 100644 "evidence/2026-09-11-semantic-completion/browser-results/semantic-collaboration-\345\220\214\344\270\200\344\270\252\347\234\237\345\256\236\345\274\200\345\217\221\344\273\273\345\212\241\346\230\276\347\244\272\345\215\217\350\260\203\350\260\203\346\237\245\346\235\245\346\272\220\343\200\201\345\275\223\345\211\215\351\207\215\351\252\214\345\222\214\345\216\237\345\247\213-FAIL/semantic-conversation.png"
 create mode 100644 "evidence/2026-09-11-semantic-completion/browser-results/semantic-collaboration-\345\220\214\344\270\200\344\270\252\347\234\237\345\256\236\345\274\200\345\217\221\344\273\273\345\212\241\346\230\276\347\244\272\345\215\217\350\260\203\350\260\203\346\237\245\346\235\245\346\272\220\343\200\201\345\275\223\345\211\215\351\207\215\351\252\214\345\222\214\345\216\237\345\247\213-FAIL/semantic-original-fail.png"
 create mode 100644 "evidence/2026-09-11-semantic-completion/browser-results/ui-01-scope-UI-01-\344\275\234\347\224\250\345\237\237\351\232\224\347\246\273\344\270\216\346\227\247\345\223\215\345\272\224\345\277\275\347\225\245-\350\215\211\347\250\277\343\200\201\347\233\256\346\240\207\344\270\216\346\226\207\344\273\266\345\274\225\347\224\250\344\270\215\350\267\250\351\241\271\347\233\256\344\270\262\347\224\250\357\274\214\345\273\266\350\277\237\347\232\204\346\227\247\350\257\267\346\261\202\344\270\215\350\246\206\347\233\226\346\226\260\344\275\234\347\224\250\345\237\237/error-context.md"
 create mode 100644 evidence/2026-09-11-semantic-completion/check.sh
 create mode 100644 evidence/2026-09-11-semantic-completion/commit-inventory.json
 create mode 100644 evidence/2026-09-11-semantic-completion/commit-inventory.mjs
 create mode 100644 evidence/2026-09-11-semantic-completion/full-tests.exit
 create mode 100644 evidence/2026-09-11-semantic-completion/git-candidate-files.txt
 create mode 100644 evidence/2026-09-11-semantic-completion/resumed-baseline.json
 create mode 100644 evidence/2026-09-11-semantic-completion/semantic-task-1789117245405.json
 create mode 100644 evidence/2026-09-11-semantic-completion/semantic-task-1789117607028.json
 create mode 100644 evidence/2026-09-11-semantic-completion/snapshot.mjs
 create mode 100644 evidence/2026-09-11-semantic-completion/status-before.txt
 create mode 100644 evidence/2026-09-11-semantic-completion/ui-types.exit
 create mode 100644 evidence/2026-09-11-semantic-loop/baseline.json
 create mode 100644 evidence/2026-09-11-semantic-loop/boundaries-final.json
 create mode 100644 evidence/2026-09-11-semantic-loop/boundaries.json
 create mode 100644 evidence/2026-09-11-semantic-loop/build-artifacts.json
 create mode 100644 evidence/2026-09-11-semantic-loop/candidate-before-capacity-fix.json
 create mode 100644 evidence/2026-09-11-semantic-loop/candidate.json
 create mode 100644 evidence/2026-09-11-semantic-loop/changes.json
 create mode 100644 evidence/2026-09-11-semantic-loop/check-artifacts.mjs
 create mode 100644 evidence/2026-09-11-semantic-loop/closure.json
 create mode 100644 evidence/2026-09-11-semantic-loop/coding-agent-runtime-before-diagnostic.ts.txt
 create mode 100644 evidence/2026-09-11-semantic-loop/delivery-candidate.json
 create mode 100644 evidence/2026-09-11-semantic-loop/docs-status-final.txt
 create mode 100644 evidence/2026-09-11-semantic-loop/docs-status.txt
 create mode 100644 evidence/2026-09-11-semantic-loop/final.json
 create mode 100644 evidence/2026-09-11-semantic-loop/independent-review.md
 create mode 100644 evidence/2026-09-11-semantic-loop/intermediate-module-status.md.txt
 create mode 100644 evidence/2026-09-11-semantic-loop/previous-handoff.md.txt
 create mode 100644 evidence/2026-09-11-semantic-loop/processes.json
 create mode 100644 evidence/2026-09-11-semantic-loop/product-status-final.txt
 create mode 100644 evidence/2026-09-11-semantic-loop/product-status.txt
 create mode 100644 evidence/2026-09-11-semantic-loop/semantic-conversation.png
 create mode 100644 evidence/2026-09-11-semantic-loop/semantic-original-fail.png
 create mode 100644 evidence/2026-09-11-semantic-loop/semantic-task-1789111819900.json
 create mode 100644 evidence/2026-09-11-semantic-loop/semantic-task-1789112132676.json
 create mode 100644 evidence/2026-09-11-semantic-loop/semantic-task-1789112242778.json
 create mode 100644 evidence/2026-09-11-semantic-loop/semantic-task-1789112444388.json
 create mode 100644 evidence/2026-09-11-semantic-loop/semantic-task-1789112608812.json
 create mode 100644 evidence/2026-09-11-semantic-loop/semantic-task-1789112851713.json
 create mode 100644 evidence/2026-09-11-semantic-loop/semantic-task-1789113060748.json
 create mode 100644 evidence/2026-09-11-semantic-loop/semantic-task-1789113108525.json
 create mode 100644 evidence/2026-09-11-semantic-loop/semantic-task-1789113636017.json
 create mode 100644 evidence/2026-09-11-semantic-loop/semantic-task-1789113870306.json
 create mode 100644 evidence/2026-09-11-semantic-loop/semantic-task-1789113939351.json
 create mode 100644 evidence/2026-09-11-semantic-loop/semantic-task-1789115788488.json
 create mode 100644 evidence/2026-09-11-semantic-loop/snapshot.mjs
 create mode 100644 evidence/2026-09-11-semantic-loop/tickets.md
 create mode 100644 evidence/2026-09-11-semantic-loop/verification.md
 create mode 100644 evidence/2026-09-11-source-cleanup/backend-types-2.exit
 create mode 100644 evidence/2026-09-11-source-cleanup/backend-types-final.exit
 create mode 100644 evidence/2026-09-11-source-cleanup/baseline.json
 create mode 100644 evidence/2026-09-11-source-cleanup/boundaries-final.exit
 create mode 100644 evidence/2026-09-11-source-cleanup/boundaries-final.json
 create mode 100644 evidence/2026-09-11-source-cleanup/boundaries.exit
 create mode 100644 evidence/2026-09-11-source-cleanup/boundaries.json
 create mode 100644 evidence/2026-09-11-source-cleanup/browser-results/.last-run.json
 create mode 100644 "evidence/2026-09-11-source-cleanup/browser-results/semantic-collaboration-\345\220\214\344\270\200\344\270\252\347\234\237\345\256\236\345\274\200\345\217\221\344\273\273\345\212\241\346\230\276\347\244\272\345\215\217\350\260\203\350\260\203\346\237\245\346\235\245\346\272\220\343\200\201\345\275\223\345\211\215\351\207\215\351\252\214\345\222\214\345\216\237\345\247\213-FAIL/semantic-conversation.png"
 create mode 100644 "evidence/2026-09-11-source-cleanup/browser-results/semantic-collaboration-\345\220\214\344\270\200\344\270\252\347\234\237\345\256\236\345\274\200\345\217\221\344\273\273\345\212\241\346\230\276\347\244\272\345\215\217\350\260\203\350\260\203\346\237\245\346\235\245\346\272\220\343\200\201\345\275\223\345\211\215\351\207\215\351\252\214\345\222\214\345\216\237\345\247\213-FAIL/semantic-original-fail.png"
 create mode 100644 evidence/2026-09-11-source-cleanup/browser.exit
 create mode 100644 evidence/2026-09-11-source-cleanup/build-artifacts-before.json
 create mode 100644 evidence/2026-09-11-source-cleanup/build-artifacts.json
 create mode 100644 evidence/2026-09-11-source-cleanup/build.exit
 create mode 100644 evidence/2026-09-11-source-cleanup/candidate.json
 create mode 100644 evidence/2026-09-11-source-cleanup/changes.json
 create mode 100644 evidence/2026-09-11-source-cleanup/check-artifacts.mjs
 create mode 100644 evidence/2026-09-11-source-cleanup/check-source-docs.mjs
 create mode 100644 evidence/2026-09-11-source-cleanup/check.sh
 create mode 100644 evidence/2026-09-11-source-cleanup/closure.json
 create mode 100644 evidence/2026-09-11-source-cleanup/comment-files.json
 create mode 100644 evidence/2026-09-11-source-cleanup/comments.mjs
 create mode 100644 evidence/2026-09-11-source-cleanup/compatibility.json
 create mode 100644 evidence/2026-09-11-source-cleanup/compatibility.mjs
 create mode 100644 evidence/2026-09-11-source-cleanup/contracts-followup/artifacts-after.json
 create mode 100644 evidence/2026-09-11-source-cleanup/contracts-followup/artifacts-before.exit
 create mode 100644 evidence/2026-09-11-source-cleanup/contracts-followup/artifacts-before.json
 create mode 100644 evidence/2026-09-11-source-cleanup/contracts-followup/artifacts-remove-known.json
 create mode 100644 evidence/2026-09-11-source-cleanup/contracts-followup/artifacts.mjs
 create mode 100644 evidence/2026-09-11-source-cleanup/contracts-followup/backend-types-final.exit
 create mode 100644 evidence/2026-09-11-source-cleanup/contracts-followup/backend-types.exit
 create mode 100644 evidence/2026-09-11-source-cleanup/contracts-followup/baseline.json
 create mode 100644 evidence/2026-09-11-source-cleanup/contracts-followup/boundaries-final.exit
 create mode 100644 evidence/2026-09-11-source-cleanup/contracts-followup/boundaries-final.json
 create mode 100644 evidence/2026-09-11-source-cleanup/contracts-followup/boundaries.exit
 create mode 100644 evidence/2026-09-11-source-cleanup/contracts-followup/boundaries.json
 create mode 100644 evidence/2026-09-11-source-cleanup/contracts-followup/browser-isolated.exit
 create mode 100644 evidence/2026-09-11-source-cleanup/contracts-followup/browser-isolated.sh
 create mode 100644 evidence/2026-09-11-source-cleanup/contracts-followup/browser-results-isolated/.last-run.json
 create mode 100644 "evidence/2026-09-11-source-cleanup/contracts-followup/browser-results-isolated/semantic-collaboration-\345\220\214\344\270\200\344\270\252\347\234\237\345\256\236\345\274\200\345\217\221\344\273\273\345\212\241\346\230\276\347\244\272\345\215\217\350\260\203\350\260\203\346\237\245\346\235\245\346\272\220\343\200\201\345\275\223\345\211\215\351\207\215\351\252\214\345\222\214\345\216\237\345\247\213-FAIL/semantic-conversation.png"
 create mode 100644 "evidence/2026-09-11-source-cleanup/contracts-followup/browser-results-isolated/semantic-collaboration-\345\220\214\344\270\200\344\270\252\347\234\237\345\256\236\345\274\200\345\217\221\344\273\273\345\212\241\346\230\276\347\244\272\345\215\217\350\260\203\350\260\203\346\237\245\346\235\245\346\272\220\343\200\201\345\275\223\345\211\215\351\207\215\351\252\214\345\222\214\345\216\237\345\247\213-FAIL/semantic-original-fail.png"
 create mode 100644 evidence/2026-09-11-source-cleanup/contracts-followup/browser-results/.last-run.json
 create mode 100644 evidence/2026-09-11-source-cleanup/contracts-followup/browser.exit
 create mode 100644 evidence/2026-09-11-source-cleanup/contracts-followup/build.exit
 create mode 100644 evidence/2026-09-11-source-cleanup/contracts-followup/candidate.json
 create mode 100644 evidence/2026-09-11-source-cleanup/contracts-followup/check.sh
 create mode 100644 evidence/2026-09-11-source-cleanup/contracts-followup/closure.json
 create mode 100644 evidence/2026-09-11-source-cleanup/contracts-followup/compatibility.json
 create mode 100644 evidence/2026-09-11-source-cleanup/contracts-followup/compatibility.mjs
 create mode 100644 evidence/2026-09-11-source-cleanup/contracts-followup/current-state.mjs
 create mode 100644 evidence/2026-09-11-source-cleanup/contracts-followup/docs-final.exit
 create mode 100644 evidence/2026-09-11-source-cleanup/contracts-followup/docs-final.sh
 create mode 100644 evidence/2026-09-11-source-cleanup/contracts-followup/docs-status-before.txt
 create mode 100644 evidence/2026-09-11-source-cleanup/contracts-followup/docs-status-final.txt
 create mode 100644 evidence/2026-09-11-source-cleanup/contracts-followup/docs.exit
 create mode 100644 evidence/2026-09-11-source-cleanup/contracts-followup/final.json
 create mode 100644 evidence/2026-09-11-source-cleanup/contracts-followup/finish-source.mjs
 create mode 100644 evidence/2026-09-11-source-cleanup/contracts-followup/fix-history-link.mjs
 create mode 100644 evidence/2026-09-11-source-cleanup/contracts-followup/full-tests.exit
 create mode 100644 evidence/2026-09-11-source-cleanup/contracts-followup/full-wrapper-failure.txt
 create mode 100644 evidence/2026-09-11-source-cleanup/contracts-followup/history/IMPLEMENTATION-HANDOFF.md.txt
 create mode 100644 evidence/2026-09-11-source-cleanup/contracts-followup/history/docs/dev_docs/interfaces/module-boundaries.md.txt
 create mode 100644 evidence/2026-09-11-source-cleanup/contracts-followup/history/docs/dev_docs/interfaces/runtime-collaboration.md.txt
 create mode 100644 evidence/2026-09-11-source-cleanup/contracts-followup/history/docs/dev_docs/modules/data/artifact-vault.md.txt
 create mode 100644 evidence/2026-09-11-source-cleanup/contracts-followup/history/docs/dev_docs/verification/2026-09-09-core-verification/reviewer-continuation.md.txt
 create mode 100644 evidence/2026-09-11-source-cleanup/contracts-followup/history/docs/human/module-status.md.txt
 create mode 100644 evidence/2026-09-11-source-cleanup/contracts-followup/history/src/app/service.ts.txt
 create mode 100644 evidence/2026-09-11-source-cleanup/contracts-followup/history/src/contracts/README.md.txt
 create mode 100644 evidence/2026-09-11-source-cleanup/contracts-followup/history/src/contracts/modules.ts.txt
 create mode 100644 evidence/2026-09-11-source-cleanup/contracts-followup/history/src/contracts/reviewer-verification.ts.txt
 create mode 100644 evidence/2026-09-11-source-cleanup/contracts-followup/history/src/contracts/rework-acceptance.ts.txt
 create mode 100644 evidence/2026-09-11-source-cleanup/contracts-followup/history/src/contracts/rework-disposition.ts.txt
 create mode 100644 evidence/2026-09-11-source-cleanup/contracts-followup/history/src/contracts/rework-drive.ts.txt
 create mode 100644 evidence/2026-09-11-source-cleanup/contracts-followup/history/src/contracts/rework.ts.txt
 create mode 100644 evidence/2026-09-11-source-cleanup/contracts-followup/history/src/contracts/rework/acceptance.ts.txt
 create mode 100644 evidence/2026-09-11-source-cleanup/contracts-followup/history/src/contracts/rework/drive.ts.txt
 create mode 100644 evidence/2026-09-11-source-cleanup/contracts-followup/history/src/contracts/rework/issues.ts.txt
 create mode 100644 evidence/2026-09-11-source-cleanup/contracts-followup/history/src/contracts/rework/proposal.ts.txt
 create mode 100644 evidence/2026-09-11-source-cleanup/contracts-followup/history/src/contracts/validation.ts.txt
 create mode 100644 evidence/2026-09-11-source-cleanup/contracts-followup/history/src/contracts/validation/architecture.ts.txt
 create mode 100644 evidence/2026-09-11-source-cleanup/contracts-followup/history/src/contracts/validation/bootstrap.ts.txt
 create mode 100644 evidence/2026-09-11-source-cleanup/contracts-followup/history/src/contracts/validation/common.ts.txt
 create mode 100644 evidence/2026-09-11-source-cleanup/contracts-followup/history/src/contracts/validation/context.ts.txt
 create mode 100644 evidence/2026-09-11-source-cleanup/contracts-followup/history/src/contracts/validation/dispatch.ts.txt
 create mode 100644 evidence/2026-09-11-source-cleanup/contracts-followup/history/src/contracts/validation/event.ts.txt
 create mode 100644 evidence/2026-09-11-source-cleanup/contracts-followup/history/src/contracts/validation/evidence.ts.txt
 create mode 100644 evidence/2026-09-11-source-cleanup/contracts-followup/history/src/contracts/validation/goal.ts.txt
 create mode 100644 evidence/2026-09-11-source-cleanup/contracts-followup/history/src/contracts/validation/governance.ts.txt
 create mode 100644 evidence/2026-09-11-source-cleanup/contracts-followup/history/src/contracts/validation/handoff.ts.txt
 create mode 100644 evidence/2026-09-11-source-cleanup/contracts-followup/history/src/contracts/validation/identity.ts.txt
 create mode 100644 evidence/2026-09-11-source-cleanup/contracts-followup/history/src/contracts/validation/integration.ts.txt
 create mode 100644 evidence/2026-09-11-source-cleanup/contracts-followup/history/src/contracts/validation/material-access.ts.txt
 create mode 100644 evidence/2026-09-11-source-cleanup/contracts-followup/history/src/contracts/validation/plan.ts.txt
 create mode 100644 evidence/2026-09-11-source-cleanup/contracts-followup/history/src/contracts/validation/role.ts.txt
 create mode 100644 evidence/2026-09-11-source-cleanup/contracts-followup/history/src/contracts/validation/workspace.ts.txt
 create mode 100644 evidence/2026-09-11-source-cleanup/contracts-followup/history/src/contracts/verification-context.ts.txt
 rename src/control/architecture-evolution-policy.ts => evidence/2026-09-11-source-cleanup/contracts-followup/history/src/control/control-engine/architecture-evolution-policy.ts.txt (98%)
 create mode 100644 evidence/2026-09-11-source-cleanup/contracts-followup/history/src/control/control-engine/architecture-inspection.ts.txt
 create mode 100644 evidence/2026-09-11-source-cleanup/contracts-followup/history/src/control/control-engine/autonomous-rework.ts.txt
 rename src/control/claim.ts => evidence/2026-09-11-source-cleanup/contracts-followup/history/src/control/control-engine/claim.ts.txt (63%)
 create mode 100644 evidence/2026-09-11-source-cleanup/contracts-followup/history/src/control/control-engine/control-engine.ts.txt
 create mode 100644 evidence/2026-09-11-source-cleanup/contracts-followup/history/src/control/control-engine/evidence-intake.ts.txt
 create mode 100644 evidence/2026-09-11-source-cleanup/contracts-followup/history/src/control/control-engine/goal-reducer.ts.txt
 create mode 100644 evidence/2026-09-11-source-cleanup/contracts-followup/history/src/control/control-engine/governance-activate.ts.txt
 create mode 100644 evidence/2026-09-11-source-cleanup/contracts-followup/history/src/control/control-engine/governance-install.ts.txt
 rename src/control/handoff.ts => evidence/2026-09-11-source-cleanup/contracts-followup/history/src/control/control-engine/handoff.ts.txt (92%)
 rename src/control/human-role-collaboration.ts => evidence/2026-09-11-source-cleanup/contracts-followup/history/src/control/control-engine/human-role-collaboration.ts.txt (91%)
 create mode 100644 evidence/2026-09-11-source-cleanup/contracts-followup/history/src/control/control-engine/integration-join.ts.txt
 create mode 100644 evidence/2026-09-11-source-cleanup/contracts-followup/history/src/control/control-engine/material-access-revocation.ts.txt
 create mode 100644 evidence/2026-09-11-source-cleanup/contracts-followup/history/src/control/control-engine/material-access.ts.txt
 create mode 100644 evidence/2026-09-11-source-cleanup/contracts-followup/history/src/control/control-engine/patch-record.ts.txt
 create mode 100644 evidence/2026-09-11-source-cleanup/contracts-followup/history/src/control/control-engine/plan-acceptance.ts.txt
 create mode 100644 evidence/2026-09-11-source-cleanup/contracts-followup/history/src/control/control-engine/policies/autonomous-rework.ts.txt
 create mode 100644 evidence/2026-09-11-source-cleanup/contracts-followup/history/src/control/control-engine/replacement-claim.ts.txt
 create mode 100644 evidence/2026-09-11-source-cleanup/contracts-followup/history/src/control/control-engine/rework-disposition.ts.txt
 create mode 100644 evidence/2026-09-11-source-cleanup/contracts-followup/history/src/control/control-engine/role-spec.ts.txt
 create mode 100644 evidence/2026-09-11-source-cleanup/contracts-followup/history/src/control/control-engine/run-facts.ts.txt
 rename src/control/start-run.ts => evidence/2026-09-11-source-cleanup/contracts-followup/history/src/control/control-engine/start-run.ts.txt (59%)
 create mode 100644 evidence/2026-09-11-source-cleanup/contracts-followup/history/src/control/control-engine/task-reducer.ts.txt
 create mode 100644 evidence/2026-09-11-source-cleanup/contracts-followup/history/src/control/control-engine/work-record.ts.txt
 rename src/control/workspace-lease.ts => evidence/2026-09-11-source-cleanup/contracts-followup/history/src/control/control-engine/workspace-lease.ts.txt (84%)
 create mode 100644 evidence/2026-09-11-source-cleanup/contracts-followup/history/src/control/dispatch-engine/rework-drive.ts.txt
 create mode 100644 evidence/2026-09-11-source-cleanup/contracts-followup/history/src/control/plan-compiler/README.md.txt
 create mode 100644 evidence/2026-09-11-source-cleanup/contracts-followup/history/src/control/plan-compiler/rework-plan-compiler.ts.txt
 create mode 100644 evidence/2026-09-11-source-cleanup/contracts-followup/history/src/control/plan-compiler/rework-proposal.ts.txt
 create mode 100644 evidence/2026-09-11-source-cleanup/contracts-followup/history/src/control/verification-engine/verification-deps.ts.txt
 create mode 100644 evidence/2026-09-11-source-cleanup/contracts-followup/history/src/control/verification-engine/verification-open-issues.ts.txt
 create mode 100644 evidence/2026-09-11-source-cleanup/contracts-followup/history/src/control/verification-engine/verification-service.ts.txt
 create mode 100644 evidence/2026-09-11-source-cleanup/contracts-followup/history/src/data/context-compiler/architecture-context-compiler.ts.txt
 create mode 100644 evidence/2026-09-11-source-cleanup/contracts-followup/history/src/data/context-compiler/context-compiler.ts.txt
 create mode 100644 evidence/2026-09-11-source-cleanup/contracts-followup/history/src/data/context-compiler/handoff-context-compiler.ts.txt
 create mode 100644 evidence/2026-09-11-source-cleanup/contracts-followup/history/src/data/context-compiler/review-context-compiler.ts.txt
 create mode 100644 evidence/2026-09-11-source-cleanup/contracts-followup/history/src/data/context-compiler/reviewer-context.ts.txt
 create mode 100644 evidence/2026-09-11-source-cleanup/contracts-followup/history/src/data/context-compiler/runtime-context.ts.txt
 create mode 100644 evidence/2026-09-11-source-cleanup/contracts-followup/history/src/data/context-compiler/verification-context.ts.txt
 create mode 100644 evidence/2026-09-11-source-cleanup/contracts-followup/history/src/data/context-compiler/work-context-compiler.ts.txt
 create mode 100644 evidence/2026-09-11-source-cleanup/contracts-followup/history/src/data/read-model-index/read-model-index.ts.txt
 create mode 100644 evidence/2026-09-11-source-cleanup/contracts-followup/history/src/data/read-model-index/sqlite-read-model-index.ts.txt
 create mode 100644 evidence/2026-09-11-source-cleanup/contracts-followup/history/src/harness/in-memory-harness.ts.txt
 create mode 100644 evidence/2026-09-11-source-cleanup/contracts-followup/history/src/harness/persistent-harness.ts.txt
 create mode 100644 evidence/2026-09-11-source-cleanup/contracts-followup/history/src/harness/rework-composition.ts.txt
 create mode 100644 evidence/2026-09-11-source-cleanup/contracts-followup/history/src/ui/src/api/client.ts.txt
 create mode 100644 evidence/2026-09-11-source-cleanup/contracts-followup/history/src/ui/src/features/rework.tsx.txt
 create mode 100644 evidence/2026-09-11-source-cleanup/contracts-followup/history/tests/app/governance.test.ts.txt
 create mode 100644 evidence/2026-09-11-source-cleanup/contracts-followup/history/tests/app/plan-changes.test.ts.txt
 create mode 100644 evidence/2026-09-11-source-cleanup/contracts-followup/history/tests/app/rework-dispatch.test.ts.txt
 create mode 100644 evidence/2026-09-11-source-cleanup/contracts-followup/history/tests/app/rework-drive.test.ts.txt
 create mode 100644 evidence/2026-09-11-source-cleanup/contracts-followup/history/tests/app/rework-issues.test.ts.txt
 create mode 100644 evidence/2026-09-11-source-cleanup/contracts-followup/history/tests/context/context-compiler.test.ts.txt
 create mode 100644 evidence/2026-09-11-source-cleanup/contracts-followup/history/tests/contract-suite/handoff.contract.suite.ts.txt
 create mode 100644 evidence/2026-09-11-source-cleanup/contracts-followup/history/tests/contract-support/testing/control.double.ts.txt
 create mode 100644 evidence/2026-09-11-source-cleanup/contracts-followup/history/tests/contracts/material-access.test.ts.txt
 create mode 100644 evidence/2026-09-11-source-cleanup/contracts-followup/history/tests/contracts/validation.test.ts.txt
 create mode 100644 evidence/2026-09-11-source-cleanup/contracts-followup/history/tests/control/autonomous-rework-fixture.ts.txt
 create mode 100644 evidence/2026-09-11-source-cleanup/contracts-followup/history/tests/control/autonomous-rework.test.ts.txt
 create mode 100644 evidence/2026-09-11-source-cleanup/contracts-followup/history/tests/control/rework-drive-fixture.ts.txt
 create mode 100644 evidence/2026-09-11-source-cleanup/contracts-followup/history/tests/control/rework-drive-harness.test.ts.txt
 create mode 100644 evidence/2026-09-11-source-cleanup/contracts-followup/history/tests/control/rework-drive.test.ts.txt
 create mode 100644 evidence/2026-09-11-source-cleanup/contracts-followup/history/tests/control/rework-plan-compiler.test.ts.txt
 create mode 100644 evidence/2026-09-11-source-cleanup/contracts-followup/history/tests/control/rework-task-dispatch.test.ts.txt
 create mode 100644 evidence/2026-09-11-source-cleanup/contracts-followup/history/tests/control/rework-unknown-disposition-review.test.ts.txt
 create mode 100644 evidence/2026-09-11-source-cleanup/contracts-followup/history/tests/verification/rework-issues.test.ts.txt
 create mode 100644 evidence/2026-09-11-source-cleanup/contracts-followup/independent-review.md
 create mode 100644 evidence/2026-09-11-source-cleanup/contracts-followup/metrics-summary.txt
 create mode 100644 evidence/2026-09-11-source-cleanup/contracts-followup/metrics.json
 create mode 100644 evidence/2026-09-11-source-cleanup/contracts-followup/metrics.mjs
 create mode 100644 evidence/2026-09-11-source-cleanup/contracts-followup/playwright.config.ts
 create mode 100644 evidence/2026-09-11-source-cleanup/contracts-followup/port-4399-observation.json
 create mode 100644 evidence/2026-09-11-source-cleanup/contracts-followup/preservation.json
 create mode 100644 evidence/2026-09-11-source-cleanup/contracts-followup/preservation.mjs
 create mode 100644 evidence/2026-09-11-source-cleanup/contracts-followup/process-observation.json
 create mode 100644 evidence/2026-09-11-source-cleanup/contracts-followup/product-status-before.txt
 create mode 100644 evidence/2026-09-11-source-cleanup/contracts-followup/product-status-final.txt
 create mode 100644 evidence/2026-09-11-source-cleanup/contracts-followup/refactor.mjs
 create mode 100644 evidence/2026-09-11-source-cleanup/contracts-followup/rework-map.json
 create mode 100644 evidence/2026-09-11-source-cleanup/contracts-followup/rework.mjs
 create mode 100644 evidence/2026-09-11-source-cleanup/contracts-followup/semantic-task-1789118470844.json
 create mode 100644 evidence/2026-09-11-source-cleanup/contracts-followup/semantic-task-1789119259678.json
 create mode 100644 evidence/2026-09-11-source-cleanup/contracts-followup/source-docs.json
 create mode 100644 evidence/2026-09-11-source-cleanup/contracts-followup/source-docs.mjs
 create mode 100644 evidence/2026-09-11-source-cleanup/contracts-followup/targeted.exit
 create mode 100644 evidence/2026-09-11-source-cleanup/contracts-followup/types-initial.exit
 create mode 100644 evidence/2026-09-11-source-cleanup/contracts-followup/ui-artifacts.exit
 create mode 100644 evidence/2026-09-11-source-cleanup/contracts-followup/ui-types-final.exit
 create mode 100644 evidence/2026-09-11-source-cleanup/contracts-followup/ui-types.exit
 create mode 100644 evidence/2026-09-11-source-cleanup/contracts-followup/update-docs.mjs
 create mode 100644 evidence/2026-09-11-source-cleanup/contracts-followup/validation-map.json
 create mode 100644 evidence/2026-09-11-source-cleanup/contracts-followup/validation-plan.json
 create mode 100644 evidence/2026-09-11-source-cleanup/contracts-followup/verification.md
 create mode 100644 evidence/2026-09-11-source-cleanup/current-state.mjs
 create mode 100644 evidence/2026-09-11-source-cleanup/docs-final.exit
 create mode 100644 evidence/2026-09-11-source-cleanup/docs-status-before.txt
 create mode 100644 evidence/2026-09-11-source-cleanup/docs-status-final.txt
 create mode 100644 evidence/2026-09-11-source-cleanup/docs.exit
 create mode 100644 evidence/2026-09-11-source-cleanup/environment-failures.txt
 create mode 100644 evidence/2026-09-11-source-cleanup/export-pruning/artifacts-after.json
 create mode 100644 evidence/2026-09-11-source-cleanup/export-pruning/artifacts-before.exit
 create mode 100644 evidence/2026-09-11-source-cleanup/export-pruning/artifacts-before.json
 create mode 100644 evidence/2026-09-11-source-cleanup/export-pruning/artifacts-remove-known.json
 create mode 100644 evidence/2026-09-11-source-cleanup/export-pruning/artifacts.mjs
 create mode 100644 evidence/2026-09-11-source-cleanup/export-pruning/backend-types.exit
 create mode 100644 evidence/2026-09-11-source-cleanup/export-pruning/baseline.json
 create mode 100644 evidence/2026-09-11-source-cleanup/export-pruning/boundaries.exit
 create mode 100644 evidence/2026-09-11-source-cleanup/export-pruning/boundaries.json
 create mode 100644 evidence/2026-09-11-source-cleanup/export-pruning/browser-results/.last-run.json
 create mode 100644 "evidence/2026-09-11-source-cleanup/export-pruning/browser-results/semantic-collaboration-\345\220\214\344\270\200\344\270\252\347\234\237\345\256\236\345\274\200\345\217\221\344\273\273\345\212\241\346\230\276\347\244\272\345\215\217\350\260\203\350\260\203\346\237\245\346\235\245\346\272\220\343\200\201\345\275\223\345\211\215\351\207\215\351\252\214\345\222\214\345\216\237\345\247\213-FAIL/semantic-conversation.png"
 create mode 100644 "evidence/2026-09-11-source-cleanup/export-pruning/browser-results/semantic-collaboration-\345\220\214\344\270\200\344\270\252\347\234\237\345\256\236\345\274\200\345\217\221\344\273\273\345\212\241\346\230\276\347\244\272\345\215\217\350\260\203\350\260\203\346\237\245\346\235\245\346\272\220\343\200\201\345\275\223\345\211\215\351\207\215\351\252\214\345\222\214\345\216\237\345\247\213-FAIL/semantic-original-fail.png"
 create mode 100644 evidence/2026-09-11-source-cleanup/export-pruning/browser.exit
 create mode 100644 evidence/2026-09-11-source-cleanup/export-pruning/build.exit
 create mode 100644 evidence/2026-09-11-source-cleanup/export-pruning/candidates-after.txt
 create mode 100644 evidence/2026-09-11-source-cleanup/export-pruning/candidates.txt
 create mode 100644 evidence/2026-09-11-source-cleanup/export-pruning/check.sh
 create mode 100644 evidence/2026-09-11-source-cleanup/export-pruning/closure.json
 create mode 100644 evidence/2026-09-11-source-cleanup/export-pruning/compatibility-summary.txt
 create mode 100644 evidence/2026-09-11-source-cleanup/export-pruning/compatibility.json
 create mode 100644 evidence/2026-09-11-source-cleanup/export-pruning/compatibility.mjs
 create mode 100644 evidence/2026-09-11-source-cleanup/export-pruning/consumers-after.json
 create mode 100644 evidence/2026-09-11-source-cleanup/export-pruning/consumers-before.json
 create mode 100644 evidence/2026-09-11-source-cleanup/export-pruning/consumers.mjs
 create mode 100644 evidence/2026-09-11-source-cleanup/export-pruning/current-state.mjs
 create mode 100644 evidence/2026-09-11-source-cleanup/export-pruning/decisions.json
 create mode 100644 evidence/2026-09-11-source-cleanup/export-pruning/docs-status-after.txt
 create mode 100644 evidence/2026-09-11-source-cleanup/export-pruning/docs-status-before.txt
 create mode 100644 evidence/2026-09-11-source-cleanup/export-pruning/docs.exit
 create mode 100644 evidence/2026-09-11-source-cleanup/export-pruning/final.json
 create mode 100644 evidence/2026-09-11-source-cleanup/export-pruning/full-tests.exit
 create mode 100644 evidence/2026-09-11-source-cleanup/export-pruning/history-links.mjs
 create mode 100644 evidence/2026-09-11-source-cleanup/export-pruning/history/IMPLEMENTATION-HANDOFF.md.txt
 create mode 100644 evidence/2026-09-11-source-cleanup/export-pruning/history/docs/dev_docs/interfaces/module-boundaries.md.txt
 create mode 100644 evidence/2026-09-11-source-cleanup/export-pruning/history/docs/dev_docs/verification/2026-09-09-independent-review/control-handoff.md.txt
 create mode 100644 evidence/2026-09-11-source-cleanup/export-pruning/history/docs/human/module-status.md.txt
 create mode 100644 evidence/2026-09-11-source-cleanup/export-pruning/history/src/contracts/README.md.txt
 create mode 100644 evidence/2026-09-11-source-cleanup/export-pruning/history/src/contracts/commands/reviewer-work.ts.txt
 create mode 100644 evidence/2026-09-11-source-cleanup/export-pruning/history/src/contracts/context-continuation-port.ts.txt
 create mode 100644 evidence/2026-09-11-source-cleanup/export-pruning/history/src/contracts/context-continuity.ts.txt
 create mode 100644 evidence/2026-09-11-source-cleanup/export-pruning/history/src/contracts/dispatch.ts.txt
 create mode 100644 evidence/2026-09-11-source-cleanup/export-pruning/history/src/contracts/execution-feedback.ts.txt
 create mode 100644 evidence/2026-09-11-source-cleanup/export-pruning/history/src/contracts/goal-change.ts.txt
 create mode 100644 evidence/2026-09-11-source-cleanup/export-pruning/history/src/contracts/initial-planning.ts.txt
 create mode 100644 evidence/2026-09-11-source-cleanup/export-pruning/history/src/contracts/material-access.ts.txt
 create mode 100644 evidence/2026-09-11-source-cleanup/export-pruning/history/src/contracts/modules.ts.txt
 create mode 100644 evidence/2026-09-11-source-cleanup/export-pruning/history/src/contracts/plan.ts.txt
 create mode 100644 evidence/2026-09-11-source-cleanup/export-pruning/history/src/contracts/planning.ts.txt
 create mode 100644 evidence/2026-09-11-source-cleanup/export-pruning/history/src/contracts/ports.ts.txt
 create mode 100644 evidence/2026-09-11-source-cleanup/export-pruning/history/src/contracts/query-job.ts.txt
 create mode 100644 evidence/2026-09-11-source-cleanup/export-pruning/history/src/contracts/reviewer-context.ts.txt
 create mode 100644 evidence/2026-09-11-source-cleanup/export-pruning/history/src/contracts/reviewer-work.ts.txt
 create mode 100644 evidence/2026-09-11-source-cleanup/export-pruning/history/src/contracts/rework/acceptance.ts.txt
 create mode 100644 evidence/2026-09-11-source-cleanup/export-pruning/history/src/contracts/rework/proposal.ts.txt
 create mode 100644 evidence/2026-09-11-source-cleanup/export-pruning/history/src/contracts/runtime-context-materials.ts.txt
 create mode 100644 evidence/2026-09-11-source-cleanup/export-pruning/history/src/contracts/validation/dispatch.ts.txt
 create mode 100644 evidence/2026-09-11-source-cleanup/export-pruning/history/src/contracts/validation/material-access.ts.txt
 create mode 100644 evidence/2026-09-11-source-cleanup/export-pruning/history/src/contracts/validation/plan.ts.txt
 create mode 100644 evidence/2026-09-11-source-cleanup/export-pruning/history/src/contracts/verification-context.ts.txt
 create mode 100644 evidence/2026-09-11-source-cleanup/export-pruning/history/src/contracts/verification-round.ts.txt
 create mode 100644 evidence/2026-09-11-source-cleanup/export-pruning/history/src/contracts/verification-service.ts.txt
 create mode 100644 evidence/2026-09-11-source-cleanup/export-pruning/history/src/contracts/verification-source.ts.txt
 create mode 100644 evidence/2026-09-11-source-cleanup/export-pruning/history/src/contracts/verification.ts.txt
 create mode 100644 evidence/2026-09-11-source-cleanup/export-pruning/history/src/control/verification-engine/README.md.txt
 create mode 100644 evidence/2026-09-11-source-cleanup/export-pruning/history/src/control/verification-engine/candidate-patch-check.ts.txt
 create mode 100644 evidence/2026-09-11-source-cleanup/export-pruning/history/src/control/verification-engine/verification-deps.ts.txt
 create mode 100644 evidence/2026-09-11-source-cleanup/export-pruning/history/src/control/verification-engine/verification-engine.ts.txt
 create mode 100644 evidence/2026-09-11-source-cleanup/export-pruning/history/src/control/verification-engine/verification-plan-compiler.ts.txt
 create mode 100644 evidence/2026-09-11-source-cleanup/export-pruning/history/src/data/context-compiler/coordination-context-compiler.ts.txt
 create mode 100644 evidence/2026-09-11-source-cleanup/export-pruning/history/src/data/context-compiler/query-execution-context.ts.txt
 create mode 100644 evidence/2026-09-11-source-cleanup/export-pruning/history/src/fixtures/plan-fixtures.ts.txt
 rename src/interaction/human-collaboration.ts => evidence/2026-09-11-source-cleanup/export-pruning/history/src/interaction/human-collaboration/human-collaboration.ts.txt (75%)
 create mode 100644 evidence/2026-09-11-source-cleanup/export-pruning/history/tests/app/plan-changes.test.ts.txt
 create mode 100644 evidence/2026-09-11-source-cleanup/export-pruning/history/tests/contract-suite/verification.contract.suite.ts.txt
 create mode 100644 evidence/2026-09-11-source-cleanup/export-pruning/history/tests/verification/verification-engine.test.ts.txt
 create mode 100644 evidence/2026-09-11-source-cleanup/export-pruning/independent-review.md
 create mode 100644 evidence/2026-09-11-source-cleanup/export-pruning/patch-tool-note.txt
 create mode 100644 evidence/2026-09-11-source-cleanup/export-pruning/playwright.config.ts
 create mode 100644 evidence/2026-09-11-source-cleanup/export-pruning/preservation.json
 create mode 100644 evidence/2026-09-11-source-cleanup/export-pruning/preservation.mjs
 create mode 100644 evidence/2026-09-11-source-cleanup/export-pruning/process-observation.json
 create mode 100644 evidence/2026-09-11-source-cleanup/export-pruning/product-status-after.txt
 create mode 100644 evidence/2026-09-11-source-cleanup/export-pruning/product-status-before.txt
 create mode 100644 evidence/2026-09-11-source-cleanup/export-pruning/prune.mjs
 create mode 100644 evidence/2026-09-11-source-cleanup/export-pruning/selected-consumers.txt
 create mode 100644 evidence/2026-09-11-source-cleanup/export-pruning/semantic-task-1789124909861.json
 create mode 100644 evidence/2026-09-11-source-cleanup/export-pruning/semantic-task-1789125565504.json
 create mode 100644 evidence/2026-09-11-source-cleanup/export-pruning/source-docs.json
 create mode 100644 evidence/2026-09-11-source-cleanup/export-pruning/source-docs.mjs
 create mode 100644 evidence/2026-09-11-source-cleanup/export-pruning/targeted.exit
 create mode 100644 evidence/2026-09-11-source-cleanup/export-pruning/ui-artifacts.exit
 create mode 100644 evidence/2026-09-11-source-cleanup/export-pruning/ui-types.exit
 create mode 100644 evidence/2026-09-11-source-cleanup/export-pruning/update-docs.mjs
 create mode 100644 evidence/2026-09-11-source-cleanup/export-pruning/verification.md
 create mode 100644 evidence/2026-09-11-source-cleanup/final-reference-fixes.mjs
 create mode 100644 evidence/2026-09-11-source-cleanup/final.json
 create mode 100644 evidence/2026-09-11-source-cleanup/finalize-report.mjs
 create mode 100644 evidence/2026-09-11-source-cleanup/finish-comments.mjs
 create mode 100644 evidence/2026-09-11-source-cleanup/fix-historical-link.mjs
 create mode 100644 evidence/2026-09-11-source-cleanup/full-tests-final.exit
 create mode 100644 evidence/2026-09-11-source-cleanup/full-tests.exit
 create mode 100644 evidence/2026-09-11-source-cleanup/history/IMPLEMENTATION-HANDOFF.md.txt
 create mode 100644 evidence/2026-09-11-source-cleanup/history/docs/dev_docs/interfaces/module-boundaries.md.txt
 create mode 100644 evidence/2026-09-11-source-cleanup/history/docs/dev_docs/modules/control/plan-compiler.md.txt
 create mode 100644 evidence/2026-09-11-source-cleanup/history/docs/dev_docs/modules/control/verification-engine.md.txt
 create mode 100644 evidence/2026-09-11-source-cleanup/history/docs/dev_docs/modules/data/state-ledger.md.txt
 create mode 100644 evidence/2026-09-11-source-cleanup/history/docs/dev_docs/verification/2026-09-09-core-verification/reviewer-continuation.md.txt
 create mode 100644 evidence/2026-09-11-source-cleanup/history/docs/human/module-status.md.txt
 create mode 100644 evidence/2026-09-11-source-cleanup/history/package.json.txt
 create mode 100644 evidence/2026-09-11-source-cleanup/history/scripts/module-map.mjs.txt
 create mode 100644 evidence/2026-09-11-source-cleanup/history/src/app/service.ts.txt
 create mode 100644 evidence/2026-09-11-source-cleanup/history/src/contracts/README.md.txt
 create mode 100644 evidence/2026-09-11-source-cleanup/history/src/contracts/architecture-inspection.ts.txt
 create mode 100644 evidence/2026-09-11-source-cleanup/history/src/contracts/architecture-reconciler.ts.txt
 create mode 100644 evidence/2026-09-11-source-cleanup/history/src/contracts/artifact.ts.txt
 create mode 100644 evidence/2026-09-11-source-cleanup/history/src/contracts/commands/context.ts.txt
 create mode 100644 evidence/2026-09-11-source-cleanup/history/src/contracts/commands/governance.ts.txt
 create mode 100644 evidence/2026-09-11-source-cleanup/history/src/contracts/completed-work-context.ts.txt
 create mode 100644 evidence/2026-09-11-source-cleanup/history/src/contracts/console-views.ts.txt
 create mode 100644 evidence/2026-09-11-source-cleanup/history/src/contracts/context-continuation-port.ts.txt
 create mode 100644 evidence/2026-09-11-source-cleanup/history/src/contracts/context-continuity.ts.txt
 create mode 100644 evidence/2026-09-11-source-cleanup/history/src/contracts/control-intent.ts.txt
 create mode 100644 evidence/2026-09-11-source-cleanup/history/src/contracts/dispatch.ts.txt
 create mode 100644 evidence/2026-09-11-source-cleanup/history/src/contracts/evidence.ts.txt
 create mode 100644 evidence/2026-09-11-source-cleanup/history/src/contracts/fixtures/architecture-evolution-policy-fixtures.ts.txt
 rename src/contracts/fixtures/architecture-fixtures.ts => evidence/2026-09-11-source-cleanup/history/src/contracts/fixtures/architecture-fixtures.ts.txt (59%)
 rename src/contracts/fixtures/baseline-evolution-fixtures.ts => evidence/2026-09-11-source-cleanup/history/src/contracts/fixtures/baseline-evolution-fixtures.ts.txt (58%)
 create mode 100644 evidence/2026-09-11-source-cleanup/history/src/contracts/fixtures/bootstrap-fixture-v1.ts.txt
 create mode 100644 evidence/2026-09-11-source-cleanup/history/src/contracts/fixtures/completed-work-fixtures.ts.txt
 rename src/contracts/fixtures/console-fixtures.ts => evidence/2026-09-11-source-cleanup/history/src/contracts/fixtures/console-fixtures.ts.txt (100%)
 rename src/contracts/fixtures/context-fixtures.ts => evidence/2026-09-11-source-cleanup/history/src/contracts/fixtures/context-fixtures.ts.txt (62%)
 rename src/contracts/fixtures/control-fixtures.ts => evidence/2026-09-11-source-cleanup/history/src/contracts/fixtures/control-fixtures.ts.txt (56%)
 rename src/contracts/fixtures/dispatch-fixtures.ts => evidence/2026-09-11-source-cleanup/history/src/contracts/fixtures/dispatch-fixtures.ts.txt (60%)
 rename src/contracts/fixtures/evidence-fixtures.ts => evidence/2026-09-11-source-cleanup/history/src/contracts/fixtures/evidence-fixtures.ts.txt (55%)
 rename src/contracts/fixtures/goal-change-fixtures.ts => evidence/2026-09-11-source-cleanup/history/src/contracts/fixtures/goal-change-fixtures.ts.txt (55%)
 create mode 100644 evidence/2026-09-11-source-cleanup/history/src/contracts/fixtures/goal-fixtures.ts.txt
 rename src/contracts/fixtures/goal-phase-fixtures.ts => evidence/2026-09-11-source-cleanup/history/src/contracts/fixtures/goal-phase-fixtures.ts.txt (61%)
 rename src/contracts/fixtures/governance-fixtures.ts => evidence/2026-09-11-source-cleanup/history/src/contracts/fixtures/governance-fixtures.ts.txt (69%)
 rename src/contracts/fixtures/handoff-fixtures.ts => evidence/2026-09-11-source-cleanup/history/src/contracts/fixtures/handoff-fixtures.ts.txt (62%)
 create mode 100644 evidence/2026-09-11-source-cleanup/history/src/contracts/fixtures/human-role-collaboration-fixtures.ts.txt
 rename src/contracts/fixtures/index.ts => evidence/2026-09-11-source-cleanup/history/src/contracts/fixtures/index.ts.txt (100%)
 create mode 100644 evidence/2026-09-11-source-cleanup/history/src/contracts/fixtures/material-access-fixtures.ts.txt
 rename src/contracts/fixtures/plan-fixtures.ts => evidence/2026-09-11-source-cleanup/history/src/contracts/fixtures/plan-fixtures.ts.txt (51%)
 create mode 100644 evidence/2026-09-11-source-cleanup/history/src/contracts/fixtures/query-job-fixtures.ts.txt
 rename src/contracts/fixtures/remediation-fixtures.ts => evidence/2026-09-11-source-cleanup/history/src/contracts/fixtures/remediation-fixtures.ts.txt (52%)
 create mode 100644 evidence/2026-09-11-source-cleanup/history/src/contracts/fixtures/role-spec-fixtures.ts.txt
 create mode 100644 evidence/2026-09-11-source-cleanup/history/src/contracts/fixtures/workspace-fixtures.ts.txt
 create mode 100644 evidence/2026-09-11-source-cleanup/history/src/contracts/goal-change.ts.txt
 create mode 100644 evidence/2026-09-11-source-cleanup/history/src/contracts/goal-phase-view.ts.txt
 create mode 100644 evidence/2026-09-11-source-cleanup/history/src/contracts/goal-phase.ts.txt
 create mode 100644 evidence/2026-09-11-source-cleanup/history/src/contracts/goal-view.ts.txt
 create mode 100644 evidence/2026-09-11-source-cleanup/history/src/contracts/governance-view.ts.txt
 create mode 100644 evidence/2026-09-11-source-cleanup/history/src/contracts/handoff-context.ts.txt
 create mode 100644 evidence/2026-09-11-source-cleanup/history/src/contracts/handoff-control.ts.txt
 create mode 100644 evidence/2026-09-11-source-cleanup/history/src/contracts/handoff.ts.txt
 create mode 100644 evidence/2026-09-11-source-cleanup/history/src/contracts/human-role-collaboration.ts.txt
 rename src/contracts/index.ts => evidence/2026-09-11-source-cleanup/history/src/contracts/index.ts.txt (94%)
 create mode 100644 evidence/2026-09-11-source-cleanup/history/src/contracts/integration.ts.txt
 create mode 100644 evidence/2026-09-11-source-cleanup/history/src/contracts/ledger-validation.ts.txt
 create mode 100644 evidence/2026-09-11-source-cleanup/history/src/contracts/ledger.ts.txt
 create mode 100644 evidence/2026-09-11-source-cleanup/history/src/contracts/modules.ts.txt
 create mode 100644 evidence/2026-09-11-source-cleanup/history/src/contracts/patch.ts.txt
 create mode 100644 evidence/2026-09-11-source-cleanup/history/src/contracts/plan-view.ts.txt
 create mode 100644 evidence/2026-09-11-source-cleanup/history/src/contracts/plan.ts.txt
 create mode 100644 evidence/2026-09-11-source-cleanup/history/src/contracts/planning-work-materials.ts.txt
 create mode 100644 evidence/2026-09-11-source-cleanup/history/src/contracts/planning.ts.txt
 create mode 100644 evidence/2026-09-11-source-cleanup/history/src/contracts/ports.ts.txt
 create mode 100644 evidence/2026-09-11-source-cleanup/history/src/contracts/query-job.ts.txt
 create mode 100644 evidence/2026-09-11-source-cleanup/history/src/contracts/reduction.ts.txt
 create mode 100644 evidence/2026-09-11-source-cleanup/history/src/contracts/review-context.ts.txt
 create mode 100644 evidence/2026-09-11-source-cleanup/history/src/contracts/rework-drive.ts.txt
 create mode 100644 evidence/2026-09-11-source-cleanup/history/src/contracts/rework.ts.txt
 create mode 100644 evidence/2026-09-11-source-cleanup/history/src/contracts/role-spec-materials.ts.txt
 create mode 100644 evidence/2026-09-11-source-cleanup/history/src/contracts/runtime-context-materials.ts.txt
 rename src/contracts/testing/check-providers.double.ts => evidence/2026-09-11-source-cleanup/history/src/contracts/testing/check-providers.double.ts.txt (100%)
 rename src/contracts/testing/control.double.ts => evidence/2026-09-11-source-cleanup/history/src/contracts/testing/control.double.ts.txt (86%)
 rename src/contracts/testing/handoff-control.double.ts => evidence/2026-09-11-source-cleanup/history/src/contracts/testing/handoff-control.double.ts.txt (100%)
 rename src/contracts/testing/index.ts => evidence/2026-09-11-source-cleanup/history/src/contracts/testing/index.ts.txt (100%)
 rename src/contracts/testing/query-context.stub.ts => evidence/2026-09-11-source-cleanup/history/src/contracts/testing/query-context.stub.ts.txt (100%)
 rename src/contracts/testing/read-model.double.ts => evidence/2026-09-11-source-cleanup/history/src/contracts/testing/read-model.double.ts.txt (94%)
 rename src/contracts/testing/sequences.ts => evidence/2026-09-11-source-cleanup/history/src/contracts/testing/sequences.ts.txt (100%)
 create mode 100644 evidence/2026-09-11-source-cleanup/history/src/contracts/testing/state-ledger.double.ts.txt
 rename src/contracts/validation.ts => evidence/2026-09-11-source-cleanup/history/src/contracts/validation.ts.txt (85%)
 create mode 100644 evidence/2026-09-11-source-cleanup/history/src/contracts/verification-round.ts.txt
 create mode 100644 evidence/2026-09-11-source-cleanup/history/src/contracts/verification-service.ts.txt
 create mode 100644 evidence/2026-09-11-source-cleanup/history/src/contracts/verification-view.ts.txt
 create mode 100644 evidence/2026-09-11-source-cleanup/history/src/contracts/verification.ts.txt
 create mode 100644 evidence/2026-09-11-source-cleanup/history/src/contracts/work-context-port.ts.txt
 create mode 100644 evidence/2026-09-11-source-cleanup/history/src/contracts/workspace-lease.ts.txt
 create mode 100644 evidence/2026-09-11-source-cleanup/history/src/contracts/workspace-views.ts.txt
 create mode 100644 evidence/2026-09-11-source-cleanup/history/src/control/control-engine/work-record.ts.txt
 rename src/control/dispatch-engine.ts => evidence/2026-09-11-source-cleanup/history/src/control/dispatch-engine/dispatch-engine.ts.txt (73%)
 create mode 100644 evidence/2026-09-11-source-cleanup/history/src/control/dispatch-engine/operator-task-dispatch.ts.txt
 create mode 100644 evidence/2026-09-11-source-cleanup/history/src/control/dispatch-engine/planned-task-dispatch.ts.txt
 create mode 100644 evidence/2026-09-11-source-cleanup/history/src/control/dispatch-engine/rework-drive.ts.txt
 create mode 100644 evidence/2026-09-11-source-cleanup/history/src/control/dispatch-engine/role-spec-read.ts.txt
 create mode 100644 evidence/2026-09-11-source-cleanup/history/src/control/dispatch-engine/work-identity.ts.txt
 create mode 100644 evidence/2026-09-11-source-cleanup/history/src/control/dispatch-engine/work-material-drive.ts.txt
 create mode 100644 evidence/2026-09-11-source-cleanup/history/src/control/plan-compiler/README.md.txt
 create mode 100644 evidence/2026-09-11-source-cleanup/history/src/control/plan-compiler/operator-plan-compiler.ts.txt
 rename src/control/plan-compiler.ts => evidence/2026-09-11-source-cleanup/history/src/control/plan-compiler/plan-compiler.ts.txt (60%)
 create mode 100644 evidence/2026-09-11-source-cleanup/history/src/control/plan-compiler/planning-work-materials.ts.txt
 create mode 100644 evidence/2026-09-11-source-cleanup/history/src/control/plan-compiler/rework-plan-compiler.ts.txt
 create mode 100644 evidence/2026-09-11-source-cleanup/history/src/control/plan-compiler/rework-proposal.ts.txt
 create mode 100644 evidence/2026-09-11-source-cleanup/history/src/control/verification-engine/README.md.txt
 create mode 100644 evidence/2026-09-11-source-cleanup/history/src/control/verification-engine/benchmark-verification.ts.txt
 create mode 100644 evidence/2026-09-11-source-cleanup/history/src/control/verification-engine/command-check-lifecycle.ts.txt
 create mode 100644 evidence/2026-09-11-source-cleanup/history/src/control/verification-engine/evidence-admission.ts.txt
 create mode 100644 evidence/2026-09-11-source-cleanup/history/src/control/verification-engine/recorded-verification.ts.txt
 create mode 100644 evidence/2026-09-11-source-cleanup/history/src/control/verification-engine/reviewer-verification.ts.txt
 create mode 100644 evidence/2026-09-11-source-cleanup/history/src/control/verification-engine/rework-verification.ts.txt
 create mode 100644 evidence/2026-09-11-source-cleanup/history/src/control/verification-engine/role-output-completeness.ts.txt
 create mode 100644 evidence/2026-09-11-source-cleanup/history/src/control/verification-engine/verification-deps.ts.txt
 create mode 100644 evidence/2026-09-11-source-cleanup/history/src/control/verification-engine/verification-engine.ts.txt
 create mode 100644 evidence/2026-09-11-source-cleanup/history/src/control/verification-engine/verification-rounds.ts.txt
 create mode 100644 evidence/2026-09-11-source-cleanup/history/src/control/verification-engine/verification-service.ts.txt
 create mode 100644 evidence/2026-09-11-source-cleanup/history/src/data/context-compiler/completed-work-context-compiler.ts.txt
 create mode 100644 evidence/2026-09-11-source-cleanup/history/src/data/context-compiler/context-compiler.ts.txt
 rename src/context/planning-context-compiler.ts => evidence/2026-09-11-source-cleanup/history/src/data/context-compiler/planning-context-compiler.ts.txt (93%)
 create mode 100644 evidence/2026-09-11-source-cleanup/history/src/data/context-compiler/review-context-compiler.ts.txt
 create mode 100644 evidence/2026-09-11-source-cleanup/history/src/data/context-compiler/runtime-context.ts.txt
 create mode 100644 evidence/2026-09-11-source-cleanup/history/src/data/context-compiler/work-context-compiler.ts.txt
 create mode 100644 evidence/2026-09-11-source-cleanup/history/src/data/context-compiler/work-run-materials.ts.txt
 create mode 100644 evidence/2026-09-11-source-cleanup/history/src/data/state-ledger/README.md.txt
 rename src/ledger/in-memory-ledger.ts => evidence/2026-09-11-source-cleanup/history/src/data/state-ledger/in-memory-ledger.ts.txt (72%)
 create mode 100644 evidence/2026-09-11-source-cleanup/history/src/data/state-ledger/sqlite-ledger.ts.txt
 create mode 100644 evidence/2026-09-11-source-cleanup/history/src/data/workspace-reader/workspace-reader-adapter.ts.txt
 create mode 100644 evidence/2026-09-11-source-cleanup/history/src/execution/worker-runtime/fake-runtime-adapter.ts.txt
 create mode 100644 evidence/2026-09-11-source-cleanup/history/src/harness/README.md.txt
 create mode 100644 evidence/2026-09-11-source-cleanup/history/src/harness/in-memory-harness.ts.txt
 create mode 100644 evidence/2026-09-11-source-cleanup/history/src/harness/persistent-harness.ts.txt
 create mode 100644 evidence/2026-09-11-source-cleanup/history/src/ui/tests/semantic-collaboration.spec.ts.txt
 create mode 100644 evidence/2026-09-11-source-cleanup/history/tests/app/exploration-runtime.test.ts.txt
 create mode 100644 evidence/2026-09-11-source-cleanup/history/tests/app/governance-commands.test.ts.txt
 create mode 100644 evidence/2026-09-11-source-cleanup/history/tests/app/history-materials.test.ts.txt
 create mode 100644 evidence/2026-09-11-source-cleanup/history/tests/app/real-runtime.test.ts.txt
 create mode 100644 evidence/2026-09-11-source-cleanup/history/tests/app/role-material-run.test.ts.txt
 create mode 100644 evidence/2026-09-11-source-cleanup/history/tests/app/role-spec-governance.test.ts.txt
 create mode 100644 evidence/2026-09-11-source-cleanup/history/tests/app/runtime-context.test.ts.txt
 create mode 100644 evidence/2026-09-11-source-cleanup/history/tests/app/semantic-collaboration-fixture.ts.txt
 create mode 100644 evidence/2026-09-11-source-cleanup/history/tests/app/verification-imports.test.ts.txt
 create mode 100644 evidence/2026-09-11-source-cleanup/history/tests/app/work-material-delivery.test.ts.txt
 create mode 100644 evidence/2026-09-11-source-cleanup/history/tests/context/completed-work-regression.test.ts.txt
 create mode 100644 evidence/2026-09-11-source-cleanup/history/tests/context/context-compiler.test.ts.txt
 create mode 100644 evidence/2026-09-11-source-cleanup/history/tests/context/handoff-context-compiler.test.ts.txt
 create mode 100644 evidence/2026-09-11-source-cleanup/history/tests/context/planning-context-compiler.test.ts.txt
 create mode 100644 evidence/2026-09-11-source-cleanup/history/tests/context/work-context-compiler.test.ts.txt
 create mode 100644 evidence/2026-09-11-source-cleanup/history/tests/context/work-run-materials.test.ts.txt
 create mode 100644 evidence/2026-09-11-source-cleanup/history/tests/contract-suite/architecture-evolution.contract.suite.ts.txt
 create mode 100644 evidence/2026-09-11-source-cleanup/history/tests/contract-suite/architecture.contract.suite.ts.txt
 create mode 100644 evidence/2026-09-11-source-cleanup/history/tests/contract-suite/baseline-evolution.contract.suite.ts.txt
 create mode 100644 evidence/2026-09-11-source-cleanup/history/tests/contract-suite/completed-work.contract.suite.ts.txt
 create mode 100644 evidence/2026-09-11-source-cleanup/history/tests/contract-suite/console.contract.suite.ts.txt
 create mode 100644 evidence/2026-09-11-source-cleanup/history/tests/contract-suite/context.continuity.contract.suite.ts.txt
 create mode 100644 evidence/2026-09-11-source-cleanup/history/tests/contract-suite/dispatch.contract.suite.ts.txt
 create mode 100644 evidence/2026-09-11-source-cleanup/history/tests/contract-suite/evidence.contract.suite.ts.txt
 create mode 100644 evidence/2026-09-11-source-cleanup/history/tests/contract-suite/goal-change.contract.suite.ts.txt
 create mode 100644 evidence/2026-09-11-source-cleanup/history/tests/contract-suite/goal-phase.contract.suite.ts.txt
 create mode 100644 evidence/2026-09-11-source-cleanup/history/tests/contract-suite/goal-view.contract.suite.ts.txt
 create mode 100644 evidence/2026-09-11-source-cleanup/history/tests/contract-suite/governance.contract.suite.ts.txt
 create mode 100644 evidence/2026-09-11-source-cleanup/history/tests/contract-suite/handoff.contract.suite.ts.txt
 create mode 100644 evidence/2026-09-11-source-cleanup/history/tests/contract-suite/human-role-collaboration.contract.suite.ts.txt
 create mode 100644 evidence/2026-09-11-source-cleanup/history/tests/contract-suite/lifecycle-control.contract.suite.ts.txt
 create mode 100644 evidence/2026-09-11-source-cleanup/history/tests/contract-suite/p1-03-harness.ts.txt
 create mode 100644 evidence/2026-09-11-source-cleanup/history/tests/contract-suite/p1-04-harness.ts.txt
 create mode 100644 evidence/2026-09-11-source-cleanup/history/tests/contract-suite/p1-05-harness.ts.txt
 create mode 100644 evidence/2026-09-11-source-cleanup/history/tests/contract-suite/p1-06-harness.ts.txt
 create mode 100644 evidence/2026-09-11-source-cleanup/history/tests/contract-suite/p1-07-harness.ts.txt
 create mode 100644 evidence/2026-09-11-source-cleanup/history/tests/contract-suite/p1-08-harness.ts.txt
 create mode 100644 evidence/2026-09-11-source-cleanup/history/tests/contract-suite/p1-09-harness.ts.txt
 create mode 100644 evidence/2026-09-11-source-cleanup/history/tests/contract-suite/p1-10-harness.ts.txt
 create mode 100644 evidence/2026-09-11-source-cleanup/history/tests/contract-suite/p1-11-harness.ts.txt
 create mode 100644 evidence/2026-09-11-source-cleanup/history/tests/contract-suite/p1-12-harness.ts.txt
 create mode 100644 evidence/2026-09-11-source-cleanup/history/tests/contract-suite/p1-13-harness.ts.txt
 create mode 100644 evidence/2026-09-11-source-cleanup/history/tests/contract-suite/p1-14-harness.ts.txt
 create mode 100644 evidence/2026-09-11-source-cleanup/history/tests/contract-suite/p1-15-harness.ts.txt
 create mode 100644 evidence/2026-09-11-source-cleanup/history/tests/contract-suite/p1-16-harness.ts.txt
 create mode 100644 evidence/2026-09-11-source-cleanup/history/tests/contract-suite/p1-17-harness.ts.txt
 create mode 100644 evidence/2026-09-11-source-cleanup/history/tests/contract-suite/plan.contract.suite.ts.txt
 create mode 100644 evidence/2026-09-11-source-cleanup/history/tests/contract-suite/query-job.contract.suite.ts.txt
 create mode 100644 evidence/2026-09-11-source-cleanup/history/tests/contract-suite/run.contract.suite.ts.txt
 create mode 100644 evidence/2026-09-11-source-cleanup/history/tests/contract-suite/state-ledger.contract.suite.ts.txt
 create mode 100644 evidence/2026-09-11-source-cleanup/history/tests/contract-suite/verification.contract.suite.ts.txt
 create mode 100644 evidence/2026-09-11-source-cleanup/history/tests/contract-suite/workspace.contract.suite.ts.txt
 create mode 100644 evidence/2026-09-11-source-cleanup/history/tests/contract-support/fixtures/console-fixtures.ts.txt
 create mode 100644 evidence/2026-09-11-source-cleanup/history/tests/contract-support/fixtures/remediation-fixtures.ts.txt
 create mode 100644 evidence/2026-09-11-source-cleanup/history/tests/contract-support/fixtures/workspace-fixtures.ts.txt
 create mode 100644 evidence/2026-09-11-source-cleanup/history/tests/contracts/fingerprint.test.ts.txt
 create mode 100644 evidence/2026-09-11-source-cleanup/history/tests/contracts/fixtures.test.ts.txt
 create mode 100644 evidence/2026-09-11-source-cleanup/history/tests/contracts/goal-phase.test.ts.txt
 create mode 100644 evidence/2026-09-11-source-cleanup/history/tests/contracts/material-access.test.ts.txt
 create mode 100644 evidence/2026-09-11-source-cleanup/history/tests/contracts/module-ownership.test.ts.txt
 create mode 100644 evidence/2026-09-11-source-cleanup/history/tests/contracts/state-ledger.double.test.ts.txt
 create mode 100644 evidence/2026-09-11-source-cleanup/history/tests/contracts/validation.test.ts.txt
 create mode 100644 evidence/2026-09-11-source-cleanup/history/tests/control/architecture-delta-regression.test.ts.txt
 create mode 100644 evidence/2026-09-11-source-cleanup/history/tests/control/architecture-evolution-policy.test.ts.txt
 create mode 100644 evidence/2026-09-11-source-cleanup/history/tests/control/architecture-inspection.test.ts.txt
 create mode 100644 evidence/2026-09-11-source-cleanup/history/tests/control/architecture-reconciler.test.ts.txt
 create mode 100644 evidence/2026-09-11-source-cleanup/history/tests/control/autonomous-rework-fixture.ts.txt
 create mode 100644 evidence/2026-09-11-source-cleanup/history/tests/control/autonomous-rework.test.ts.txt
 create mode 100644 evidence/2026-09-11-source-cleanup/history/tests/control/baseline-evolution-port.test.ts.txt
 create mode 100644 evidence/2026-09-11-source-cleanup/history/tests/control/baseline-evolution.test.ts.txt
 create mode 100644 evidence/2026-09-11-source-cleanup/history/tests/control/canonical-record-scope.test.ts.txt
 create mode 100644 evidence/2026-09-11-source-cleanup/history/tests/control/control-engine.test.ts.txt
 create mode 100644 evidence/2026-09-11-source-cleanup/history/tests/control/dispatch-claim.test.ts.txt
 create mode 100644 evidence/2026-09-11-source-cleanup/history/tests/control/dispatch-drive.test.ts.txt
 create mode 100644 evidence/2026-09-11-source-cleanup/history/tests/control/dispatch-readiness.test.ts.txt
 create mode 100644 evidence/2026-09-11-source-cleanup/history/tests/control/dispatch-start.test.ts.txt
 create mode 100644 evidence/2026-09-11-source-cleanup/history/tests/control/evidence-intake.test.ts.txt
 create mode 100644 evidence/2026-09-11-source-cleanup/history/tests/control/goal-change.test.ts.txt
 create mode 100644 evidence/2026-09-11-source-cleanup/history/tests/control/governance-activate.test.ts.txt
 create mode 100644 evidence/2026-09-11-source-cleanup/history/tests/control/governance-command-builders.test.ts.txt
 create mode 100644 evidence/2026-09-11-source-cleanup/history/tests/control/governance-install.test.ts.txt
 create mode 100644 evidence/2026-09-11-source-cleanup/history/tests/control/handoff-drive.test.ts.txt
 create mode 100644 evidence/2026-09-11-source-cleanup/history/tests/control/handoff.test.ts.txt
 create mode 100644 evidence/2026-09-11-source-cleanup/history/tests/control/human-role-collaboration.test.ts.txt
 create mode 100644 evidence/2026-09-11-source-cleanup/history/tests/control/initial-plan-source.test.ts.txt
 create mode 100644 evidence/2026-09-11-source-cleanup/history/tests/control/integration-join.test.ts.txt
 create mode 100644 evidence/2026-09-11-source-cleanup/history/tests/control/live-frontier-regression.test.ts.txt
 create mode 100644 evidence/2026-09-11-source-cleanup/history/tests/control/material-access.test.ts.txt
 create mode 100644 evidence/2026-09-11-source-cleanup/history/tests/control/operator-entry-role.test.ts.txt
 create mode 100644 evidence/2026-09-11-source-cleanup/history/tests/control/p1-13-writer-chain-fixture.ts.txt
 create mode 100644 evidence/2026-09-11-source-cleanup/history/tests/control/p1-15-role-rework-loop.test.ts.txt
 create mode 100644 evidence/2026-09-11-source-cleanup/history/tests/control/patch-record.test.ts.txt
 create mode 100644 evidence/2026-09-11-source-cleanup/history/tests/control/plan-acceptance.test.ts.txt
 create mode 100644 evidence/2026-09-11-source-cleanup/history/tests/control/plan-compiler.test.ts.txt
 create mode 100644 evidence/2026-09-11-source-cleanup/history/tests/control/plan-impact-work-identity.test.ts.txt
 create mode 100644 evidence/2026-09-11-source-cleanup/history/tests/control/planning-fixture.ts.txt
 create mode 100644 evidence/2026-09-11-source-cleanup/history/tests/control/remediation-writer-chain.test.ts.txt
 create mode 100644 evidence/2026-09-11-source-cleanup/history/tests/control/remediation.test.ts.txt
 create mode 100644 evidence/2026-09-11-source-cleanup/history/tests/control/replacement-claim.test.ts.txt
 create mode 100644 evidence/2026-09-11-source-cleanup/history/tests/control/reviewer-dispatch-isolation.test.ts.txt
 create mode 100644 evidence/2026-09-11-source-cleanup/history/tests/control/reviewer-existing-drivers-isolation.test.ts.txt
 create mode 100644 evidence/2026-09-11-source-cleanup/history/tests/control/reviewer-work-fixture.ts.txt
 create mode 100644 evidence/2026-09-11-source-cleanup/history/tests/control/rework-drive-harness.test.ts.txt
 create mode 100644 evidence/2026-09-11-source-cleanup/history/tests/control/rework-drive.test.ts.txt
 create mode 100644 evidence/2026-09-11-source-cleanup/history/tests/control/rework-plan-compiler.test.ts.txt
 create mode 100644 evidence/2026-09-11-source-cleanup/history/tests/control/rework-task-dispatch.test.ts.txt
 create mode 100644 evidence/2026-09-11-source-cleanup/history/tests/control/role-binding-admission.test.ts.txt
 create mode 100644 evidence/2026-09-11-source-cleanup/history/tests/control/role-material-completion.test.ts.txt
 create mode 100644 evidence/2026-09-11-source-cleanup/history/tests/control/role-spec-material-read.test.ts.txt
 create mode 100644 evidence/2026-09-11-source-cleanup/history/tests/control/role-spec.test.ts.txt
 create mode 100644 evidence/2026-09-11-source-cleanup/history/tests/control/run-facts.test.ts.txt
 create mode 100644 evidence/2026-09-11-source-cleanup/history/tests/control/source-architecture.test.ts.txt
 create mode 100644 evidence/2026-09-11-source-cleanup/history/tests/control/task-reducer.test.ts.txt
 create mode 100644 evidence/2026-09-11-source-cleanup/history/tests/control/work-identity-harness.test.ts.txt
 create mode 100644 evidence/2026-09-11-source-cleanup/history/tests/control/work-identity-uniqueness.test.ts.txt
 create mode 100644 evidence/2026-09-11-source-cleanup/history/tests/control/work-identity.test.ts.txt
 create mode 100644 evidence/2026-09-11-source-cleanup/history/tests/control/work-material-gate.test.ts.txt
 create mode 100644 evidence/2026-09-11-source-cleanup/history/tests/control/work-record.test.ts.txt
 rename tests/runtime/workspace-capability-adapter.test.ts => evidence/2026-09-11-source-cleanup/history/tests/control/workspace-capability-policy.test.ts.txt (65%)
 create mode 100644 evidence/2026-09-11-source-cleanup/history/tests/control/workspace-drive.test.ts.txt
 create mode 100644 evidence/2026-09-11-source-cleanup/history/tests/control/workspace-lease.test.ts.txt
 create mode 100644 evidence/2026-09-11-source-cleanup/history/tests/data/ledger-scope-catalog.test.ts.txt
 create mode 100644 evidence/2026-09-11-source-cleanup/history/tests/data/workspace-reader-adapter.test.ts.txt
 create mode 100644 evidence/2026-09-11-source-cleanup/history/tests/integration/p1-00-assertions.ts.txt
 create mode 100644 evidence/2026-09-11-source-cleanup/history/tests/integration/p1-00.integration.test.ts.txt
 create mode 100644 evidence/2026-09-11-source-cleanup/history/tests/integration/p1-01.integration.test.ts.txt
 create mode 100644 evidence/2026-09-11-source-cleanup/history/tests/integration/p1-02.integration.test.ts.txt
 create mode 100644 evidence/2026-09-11-source-cleanup/history/tests/integration/p1-03.integration.test.ts.txt
 create mode 100644 evidence/2026-09-11-source-cleanup/history/tests/integration/p1-09-query-regression.test.ts.txt
 create mode 100644 evidence/2026-09-11-source-cleanup/history/tests/integration/p1-09.integration.test.ts.txt
 create mode 100644 evidence/2026-09-11-source-cleanup/history/tests/integration/p1-10.integration.test.ts.txt
 create mode 100644 evidence/2026-09-11-source-cleanup/history/tests/integration/p1-12.integration.test.ts.txt
 create mode 100644 evidence/2026-09-11-source-cleanup/history/tests/integration/p1-13-writer-chain.integration.test.ts.txt
 create mode 100644 evidence/2026-09-11-source-cleanup/history/tests/integration/p1-16.integration.test.ts.txt
 create mode 100644 evidence/2026-09-11-source-cleanup/history/tests/integration/p1-17.integration.test.ts.txt
 create mode 100644 evidence/2026-09-11-source-cleanup/history/tests/interaction/human-collaboration.test.ts.txt
 create mode 100644 evidence/2026-09-11-source-cleanup/history/tests/ledger/identity-upgrade.test.ts.txt
 create mode 100644 evidence/2026-09-11-source-cleanup/history/tests/ledger/in-memory-ledger.boundary.test.ts.txt
 create mode 100644 evidence/2026-09-11-source-cleanup/history/tests/ledger/snapshot-isolation.test.ts.txt
 create mode 100644 evidence/2026-09-11-source-cleanup/history/tests/read-model/completed-work-merge-visibility.test.ts.txt
 create mode 100644 evidence/2026-09-11-source-cleanup/history/tests/read-model/governance-view.test.ts.txt
 create mode 100644 evidence/2026-09-11-source-cleanup/history/tests/read-model/material-access-lookup.test.ts.txt
 create mode 100644 evidence/2026-09-11-source-cleanup/history/tests/read-model/material-access-projection.test.ts.txt
 create mode 100644 evidence/2026-09-11-source-cleanup/history/tests/read-model/p1-03-run-projection.test.ts.txt
 create mode 100644 evidence/2026-09-11-source-cleanup/history/tests/read-model/p1-04-verification-projection.test.ts.txt
 create mode 100644 evidence/2026-09-11-source-cleanup/history/tests/read-model/p1-06-handoff-projection.test.ts.txt
 create mode 100644 evidence/2026-09-11-source-cleanup/history/tests/read-model/p1-07-projection.test.ts.txt
 create mode 100644 evidence/2026-09-11-source-cleanup/history/tests/read-model/p1-11-plan-change.test.ts.txt
 create mode 100644 evidence/2026-09-11-source-cleanup/history/tests/read-model/p1-12-brief-proposal-projection.test.ts.txt
 create mode 100644 evidence/2026-09-11-source-cleanup/history/tests/read-model/p1-14-baseline-change-view.test.ts.txt
 create mode 100644 evidence/2026-09-11-source-cleanup/history/tests/read-model/p1-15-unified-status.test.ts.txt
 create mode 100644 evidence/2026-09-11-source-cleanup/history/tests/read-model/p1-16-continuation-projection.test.ts.txt
 create mode 100644 evidence/2026-09-11-source-cleanup/history/tests/read-model/p1-16-work-context.test.ts.txt
 create mode 100644 evidence/2026-09-11-source-cleanup/history/tests/read-model/plan-change-timeline.test.ts.txt
 create mode 100644 evidence/2026-09-11-source-cleanup/history/tests/read-model/plan-view.rebuild.test.ts.txt
 create mode 100644 evidence/2026-09-11-source-cleanup/history/tests/read-model/plan-view.test.ts.txt
 create mode 100644 evidence/2026-09-11-source-cleanup/history/tests/read-model/read-model-index.test.ts.txt
 create mode 100644 evidence/2026-09-11-source-cleanup/history/tests/restart/evidence/p1-01-evidence.test.ts.txt
 create mode 100644 evidence/2026-09-11-source-cleanup/history/tests/restart/material-access-restart.test.ts.txt
 create mode 100644 evidence/2026-09-11-source-cleanup/history/tests/restart/material-revocation.test.ts.txt
 create mode 100644 evidence/2026-09-11-source-cleanup/history/tests/restart/material-source-applicability.test.ts.txt
 create mode 100644 evidence/2026-09-11-source-cleanup/history/tests/restart/p1-02-restart-fixtures.ts.txt
 create mode 100644 evidence/2026-09-11-source-cleanup/history/tests/restart/p1-03-restart-fixtures.ts.txt
 create mode 100644 evidence/2026-09-11-source-cleanup/history/tests/restart/p1-06-restart-fixtures.ts.txt
 create mode 100644 evidence/2026-09-11-source-cleanup/history/tests/restart/p1-09-restart-fixtures.ts.txt
 create mode 100644 evidence/2026-09-11-source-cleanup/history/tests/restart/p1-10-restart-fixtures.ts.txt
 create mode 100644 evidence/2026-09-11-source-cleanup/history/tests/restart/p1-12-restart-fixtures.ts.txt
 create mode 100644 evidence/2026-09-11-source-cleanup/history/tests/restart/p1-14-restart-fixtures.ts.txt
 create mode 100644 evidence/2026-09-11-source-cleanup/history/tests/restart/p1-16-restart-fixtures.ts.txt
 create mode 100644 evidence/2026-09-11-source-cleanup/history/tests/restart/p1-17-restart-fixtures.ts.txt
 create mode 100644 evidence/2026-09-11-source-cleanup/history/tests/restart/persistent-restart.test.ts.txt
 create mode 100644 evidence/2026-09-11-source-cleanup/history/tests/restart/restart-assertions.ts.txt
 create mode 100644 evidence/2026-09-11-source-cleanup/history/tests/restart/restart-fixtures.ts.txt
 create mode 100644 evidence/2026-09-11-source-cleanup/history/tests/runtime/context-continuation-adapter.test.ts.txt
 create mode 100644 evidence/2026-09-11-source-cleanup/history/tests/runtime/fake-runtime-adapter.test.ts.txt
 create mode 100644 evidence/2026-09-11-source-cleanup/history/tests/runtime/handoff-control-adapter.test.ts.txt
 create mode 100644 evidence/2026-09-11-source-cleanup/history/tests/sqlite-ledger/sqlite-ledger.restart.test.ts.txt
 create mode 100644 evidence/2026-09-11-source-cleanup/history/tests/sqlite-read-model/material-access-projection.test.ts.txt
 create mode 100644 evidence/2026-09-11-source-cleanup/history/tests/sqlite-read-model/p1-03-run-projection.test.ts.txt
 create mode 100644 evidence/2026-09-11-source-cleanup/history/tests/sqlite-read-model/p1-04-verification-projection.test.ts.txt
 create mode 100644 evidence/2026-09-11-source-cleanup/history/tests/sqlite-read-model/p1-06-handoff-projection.test.ts.txt
 create mode 100644 evidence/2026-09-11-source-cleanup/history/tests/sqlite-read-model/p1-07-projection.test.ts.txt
 create mode 100644 evidence/2026-09-11-source-cleanup/history/tests/sqlite-read-model/p1-11-plan-change.test.ts.txt
 create mode 100644 evidence/2026-09-11-source-cleanup/history/tests/sqlite-read-model/p1-12-brief-proposal-projection.test.ts.txt
 create mode 100644 evidence/2026-09-11-source-cleanup/history/tests/sqlite-read-model/p1-14-baseline-change-view.test.ts.txt
 create mode 100644 evidence/2026-09-11-source-cleanup/history/tests/sqlite-read-model/p1-15-unified-status.test.ts.txt
 create mode 100644 evidence/2026-09-11-source-cleanup/history/tests/sqlite-read-model/p1-16-continuation-projection.test.ts.txt
 create mode 100644 evidence/2026-09-11-source-cleanup/history/tests/sqlite-read-model/p1-16-work-context.test.ts.txt
 create mode 100644 evidence/2026-09-11-source-cleanup/history/tests/sqlite-read-model/plan-view.test.ts.txt
 create mode 100644 evidence/2026-09-11-source-cleanup/history/tests/sqlite-read-model/sqlite-read-model-index.restart.test.ts.txt
 create mode 100644 evidence/2026-09-11-source-cleanup/history/tests/vault/material-access-grant.test.ts.txt
 create mode 100644 evidence/2026-09-11-source-cleanup/history/tests/verification/code-graph-port.test.ts.txt
 create mode 100644 evidence/2026-09-11-source-cleanup/history/tests/verification/migration-gate-port.test.ts.txt
 create mode 100644 evidence/2026-09-11-source-cleanup/history/tests/verification/reviewer-fixture.ts.txt
 create mode 100644 evidence/2026-09-11-source-cleanup/history/tests/verification/role-output-completeness.test.ts.txt
 create mode 100644 evidence/2026-09-11-source-cleanup/history/tests/verification/semantic-reverification.test.ts.txt
 create mode 100644 evidence/2026-09-11-source-cleanup/history/tests/verification/verification-engine.test.ts.txt
 create mode 100644 evidence/2026-09-11-source-cleanup/history/tests/verification/verification-rounds.test.ts.txt
 create mode 100644 evidence/2026-09-11-source-cleanup/history/tests/verification/verification-service.test.ts.txt
 create mode 100644 evidence/2026-09-11-source-cleanup/host-support-migration.json
 create mode 100644 evidence/2026-09-11-source-cleanup/independent-review.md
 create mode 100644 evidence/2026-09-11-source-cleanup/inventory-before-summary.json
 create mode 100644 evidence/2026-09-11-source-cleanup/inventory-before.json
 create mode 100644 evidence/2026-09-11-source-cleanup/inventory-final-summary.json
 create mode 100644 evidence/2026-09-11-source-cleanup/inventory-final.json
 create mode 100644 evidence/2026-09-11-source-cleanup/inventory.mjs
 create mode 100644 evidence/2026-09-11-source-cleanup/isolate-test-evidence.mjs
 create mode 100644 evidence/2026-09-11-source-cleanup/metrics.json
 create mode 100644 evidence/2026-09-11-source-cleanup/migrate.mjs
 create mode 100644 evidence/2026-09-11-source-cleanup/migration-preflight-2.json
 create mode 100644 evidence/2026-09-11-source-cleanup/migration-preflight.json
 create mode 100644 evidence/2026-09-11-source-cleanup/migrations.json
 create mode 100644 evidence/2026-09-11-source-cleanup/move-host-support.mjs
 create mode 100644 evidence/2026-09-11-source-cleanup/prepare-removals.mjs
 create mode 100644 evidence/2026-09-11-source-cleanup/preservation.json
 create mode 100644 evidence/2026-09-11-source-cleanup/preserve-audit.mjs
 create mode 100644 evidence/2026-09-11-source-cleanup/processes-before.json
 create mode 100644 evidence/2026-09-11-source-cleanup/processes-final.json
 create mode 100644 evidence/2026-09-11-source-cleanup/product-status-before.txt
 create mode 100644 evidence/2026-09-11-source-cleanup/product-status-final.txt
 create mode 100644 evidence/2026-09-11-source-cleanup/protocol-convergence/artifacts-after.exit
 create mode 100644 evidence/2026-09-11-source-cleanup/protocol-convergence/artifacts-after.json
 create mode 100644 evidence/2026-09-11-source-cleanup/protocol-convergence/artifacts-before.exit
 create mode 100644 evidence/2026-09-11-source-cleanup/protocol-convergence/artifacts-before.json
 create mode 100644 evidence/2026-09-11-source-cleanup/protocol-convergence/artifacts.mjs
 create mode 100644 evidence/2026-09-11-source-cleanup/protocol-convergence/backend-types-final.exit
 create mode 100644 evidence/2026-09-11-source-cleanup/protocol-convergence/backend-types-release.exit
 create mode 100644 evidence/2026-09-11-source-cleanup/protocol-convergence/backend-types-verified.exit
 create mode 100644 evidence/2026-09-11-source-cleanup/protocol-convergence/backend-types.exit
 create mode 100644 evidence/2026-09-11-source-cleanup/protocol-convergence/baseline.json
 create mode 100644 evidence/2026-09-11-source-cleanup/protocol-convergence/boundaries-release.exit
 create mode 100644 evidence/2026-09-11-source-cleanup/protocol-convergence/boundaries-verified.exit
 create mode 100644 evidence/2026-09-11-source-cleanup/protocol-convergence/boundaries.json
 create mode 100644 evidence/2026-09-11-source-cleanup/protocol-convergence/browser-results/.last-run.json
 create mode 100644 "evidence/2026-09-11-source-cleanup/protocol-convergence/browser-results/semantic-collaboration-\345\220\214\344\270\200\344\270\252\347\234\237\345\256\236\345\274\200\345\217\221\344\273\273\345\212\241\346\230\276\347\244\272\345\215\217\350\260\203\350\260\203\346\237\245\346\235\245\346\272\220\343\200\201\345\275\223\345\211\215\351\207\215\351\252\214\345\222\214\345\216\237\345\247\213-FAIL/semantic-conversation.png"
 create mode 100644 "evidence/2026-09-11-source-cleanup/protocol-convergence/browser-results/semantic-collaboration-\345\220\214\344\270\200\344\270\252\347\234\237\345\256\236\345\274\200\345\217\221\344\273\273\345\212\241\346\230\276\347\244\272\345\215\217\350\260\203\350\260\203\346\237\245\346\235\245\346\272\220\343\200\201\345\275\223\345\211\215\351\207\215\351\252\214\345\222\214\345\216\237\345\247\213-FAIL/semantic-original-fail.png"
 create mode 100644 evidence/2026-09-11-source-cleanup/protocol-convergence/browser.exit
 create mode 100644 evidence/2026-09-11-source-cleanup/protocol-convergence/build.exit
 create mode 100644 evidence/2026-09-11-source-cleanup/protocol-convergence/candidate.json
 create mode 100644 evidence/2026-09-11-source-cleanup/protocol-convergence/check.sh
 create mode 100644 evidence/2026-09-11-source-cleanup/protocol-convergence/closure.json
 create mode 100644 evidence/2026-09-11-source-cleanup/protocol-convergence/consumer-candidates.txt
 create mode 100644 evidence/2026-09-11-source-cleanup/protocol-convergence/context-consumers.txt
 create mode 100644 evidence/2026-09-11-source-cleanup/protocol-convergence/context-entries.mjs
 create mode 100644 evidence/2026-09-11-source-cleanup/protocol-convergence/converge.mjs
 create mode 100644 evidence/2026-09-11-source-cleanup/protocol-convergence/current-state.mjs
 create mode 100644 evidence/2026-09-11-source-cleanup/protocol-convergence/docs-script-failure.txt
 create mode 100644 evidence/2026-09-11-source-cleanup/protocol-convergence/docs-status-after.txt
 create mode 100644 evidence/2026-09-11-source-cleanup/protocol-convergence/docs-status-before.txt
 create mode 100644 evidence/2026-09-11-source-cleanup/protocol-convergence/docs.exit
 create mode 100644 evidence/2026-09-11-source-cleanup/protocol-convergence/docs.mjs
 create mode 100644 evidence/2026-09-11-source-cleanup/protocol-convergence/edit.mjs
 create mode 100644 evidence/2026-09-11-source-cleanup/protocol-convergence/entries.mjs
 create mode 100644 evidence/2026-09-11-source-cleanup/protocol-convergence/final.json
 create mode 100644 evidence/2026-09-11-source-cleanup/protocol-convergence/fix-consumers.mjs
 create mode 100644 evidence/2026-09-11-source-cleanup/protocol-convergence/full-tests.exit
 create mode 100644 evidence/2026-09-11-source-cleanup/protocol-convergence/history/IMPLEMENTATION-HANDOFF.md.txt
 create mode 100644 evidence/2026-09-11-source-cleanup/protocol-convergence/history/docs/dev_docs/interfaces/module-boundaries.md.txt
 create mode 100644 evidence/2026-09-11-source-cleanup/protocol-convergence/history/docs/dev_docs/interfaces/runtime-collaboration.md.txt
 create mode 100644 evidence/2026-09-11-source-cleanup/protocol-convergence/history/docs/dev_docs/modules/control/plan-compiler.md.txt
 create mode 100644 evidence/2026-09-11-source-cleanup/protocol-convergence/history/docs/dev_docs/modules/data/context-compiler.md.txt
 create mode 100644 evidence/2026-09-11-source-cleanup/protocol-convergence/history/docs/human/module-status.md.txt
 create mode 100644 evidence/2026-09-11-source-cleanup/protocol-convergence/history/src/app/initial-planning.ts.txt
 create mode 100644 evidence/2026-09-11-source-cleanup/protocol-convergence/history/src/contracts/README.md.txt
 create mode 100644 evidence/2026-09-11-source-cleanup/protocol-convergence/history/src/contracts/goal-change.ts.txt
 create mode 100644 evidence/2026-09-11-source-cleanup/protocol-convergence/history/src/contracts/planning.ts.txt
 create mode 100644 evidence/2026-09-11-source-cleanup/protocol-convergence/history/src/contracts/rework/proposal.ts.txt
 create mode 100644 evidence/2026-09-11-source-cleanup/protocol-convergence/history/src/contracts/work-context-port.ts.txt
 create mode 100644 evidence/2026-09-11-source-cleanup/protocol-convergence/history/src/control/plan-compiler/README.md.txt
 create mode 100644 evidence/2026-09-11-source-cleanup/protocol-convergence/history/src/control/plan-compiler/plan-compiler.ts.txt
 create mode 100644 evidence/2026-09-11-source-cleanup/protocol-convergence/history/src/control/plan-compiler/rework-proposal.ts.txt
 create mode 100644 evidence/2026-09-11-source-cleanup/protocol-convergence/history/src/data/context-compiler/README.md.txt
 create mode 100644 evidence/2026-09-11-source-cleanup/protocol-convergence/history/src/data/context-compiler/planning-context-compiler.ts.txt
 create mode 100644 evidence/2026-09-11-source-cleanup/protocol-convergence/history/src/harness/README.md.txt
 create mode 100644 evidence/2026-09-11-source-cleanup/protocol-convergence/history/src/harness/in-memory-harness.ts.txt
 create mode 100644 evidence/2026-09-11-source-cleanup/protocol-convergence/history/src/harness/persistent-harness.ts.txt
 create mode 100644 evidence/2026-09-11-source-cleanup/protocol-convergence/history/src/interaction/human-collaboration/human-collaboration.ts.txt
 create mode 100644 evidence/2026-09-11-source-cleanup/protocol-convergence/history/tests/context/query-execution-context.test.ts.txt
 create mode 100644 evidence/2026-09-11-source-cleanup/protocol-convergence/history/tests/contract-suite/completed-work.contract.suite.ts.txt
 create mode 100644 evidence/2026-09-11-source-cleanup/protocol-convergence/history/tests/contract-suite/goal-change.contract.suite.ts.txt
 create mode 100644 evidence/2026-09-11-source-cleanup/protocol-convergence/history/tests/contract-suite/p1-09-harness.ts.txt
 create mode 100644 evidence/2026-09-11-source-cleanup/protocol-convergence/history/tests/contract-suite/p1-11-harness.ts.txt
 create mode 100644 evidence/2026-09-11-source-cleanup/protocol-convergence/history/tests/contract-suite/p1-16-harness.ts.txt
 create mode 100644 evidence/2026-09-11-source-cleanup/protocol-convergence/history/tests/contract-suite/p1-17-harness.ts.txt
 create mode 100644 evidence/2026-09-11-source-cleanup/protocol-convergence/history/tests/control/p1-15-role-rework-loop.test.ts.txt
 create mode 100644 evidence/2026-09-11-source-cleanup/protocol-convergence/history/tests/control/planning-interface.test.ts.txt
 create mode 100644 evidence/2026-09-11-source-cleanup/protocol-convergence/history/tests/control/rework-drive-harness.test.ts.txt
 create mode 100644 evidence/2026-09-11-source-cleanup/protocol-convergence/history/tests/control/rework-task-dispatch.test.ts.txt
 create mode 100644 evidence/2026-09-11-source-cleanup/protocol-convergence/history/tests/integration/p1-09-query-regression.test.ts.txt
 create mode 100644 evidence/2026-09-11-source-cleanup/protocol-convergence/imports.mjs
 create mode 100644 evidence/2026-09-11-source-cleanup/protocol-convergence/independent-review.md
 create mode 100644 evidence/2026-09-11-source-cleanup/protocol-convergence/inventory.json
 create mode 100644 evidence/2026-09-11-source-cleanup/protocol-convergence/inventory.mjs
 create mode 100644 evidence/2026-09-11-source-cleanup/protocol-convergence/neighbor-consumers.exit
 create mode 100644 evidence/2026-09-11-source-cleanup/protocol-convergence/neighbor-consumers.txt
 create mode 100644 evidence/2026-09-11-source-cleanup/protocol-convergence/plan-admission-consumers.txt
 create mode 100644 evidence/2026-09-11-source-cleanup/protocol-convergence/planning-context.mjs
 create mode 100644 evidence/2026-09-11-source-cleanup/protocol-convergence/playwright.config.ts
 create mode 100644 evidence/2026-09-11-source-cleanup/protocol-convergence/preservation.json
 create mode 100644 evidence/2026-09-11-source-cleanup/protocol-convergence/preservation.mjs
 create mode 100644 evidence/2026-09-11-source-cleanup/protocol-convergence/process-observation.json
 create mode 100644 evidence/2026-09-11-source-cleanup/protocol-convergence/product-status-after.txt
 create mode 100644 evidence/2026-09-11-source-cleanup/protocol-convergence/product-status-before.txt
 create mode 100644 evidence/2026-09-11-source-cleanup/protocol-convergence/release-checks.sh
 create mode 100644 evidence/2026-09-11-source-cleanup/protocol-convergence/semantic-task-1789127098719.json
 create mode 100644 evidence/2026-09-11-source-cleanup/protocol-convergence/semantic-task-1789127842047.json
 create mode 100644 evidence/2026-09-11-source-cleanup/protocol-convergence/source-changes.patch
 create mode 100644 evidence/2026-09-11-source-cleanup/protocol-convergence/source-docs.json
 create mode 100644 evidence/2026-09-11-source-cleanup/protocol-convergence/source-docs.mjs
 create mode 100644 evidence/2026-09-11-source-cleanup/protocol-convergence/targeted-release.exit
 create mode 100644 evidence/2026-09-11-source-cleanup/protocol-convergence/targeted.exit
 create mode 100644 evidence/2026-09-11-source-cleanup/protocol-convergence/types-final.sh
 create mode 100644 evidence/2026-09-11-source-cleanup/protocol-convergence/types-verified.sh
 create mode 100644 evidence/2026-09-11-source-cleanup/protocol-convergence/ui-artifacts.exit
 create mode 100644 evidence/2026-09-11-source-cleanup/protocol-convergence/ui-types-release.exit
 create mode 100644 evidence/2026-09-11-source-cleanup/protocol-convergence/ui-types-verified.exit
 create mode 100644 evidence/2026-09-11-source-cleanup/protocol-convergence/ui-types.exit
 create mode 100644 evidence/2026-09-11-source-cleanup/protocol-convergence/verification.md
 create mode 100644 evidence/2026-09-11-source-cleanup/refactor.mjs
 create mode 100644 evidence/2026-09-11-source-cleanup/remove-host-support.patch
 create mode 100644 evidence/2026-09-11-source-cleanup/remove-originals.patch
 create mode 100644 evidence/2026-09-11-source-cleanup/review-comment-fixes.mjs
 create mode 100644 evidence/2026-09-11-source-cleanup/semantic-task-1789116176540.json
 create mode 100644 evidence/2026-09-11-source-cleanup/semantic-task-1789116488355.json
 create mode 100644 evidence/2026-09-11-source-cleanup/snapshot.mjs
 create mode 100644 evidence/2026-09-11-source-cleanup/summarize.mjs
 create mode 100644 evidence/2026-09-11-source-cleanup/targeted-2.exit
 create mode 100644 evidence/2026-09-11-source-cleanup/tool-failure-excerpts.txt
 create mode 100644 evidence/2026-09-11-source-cleanup/ui-artifacts.exit
 create mode 100644 evidence/2026-09-11-source-cleanup/ui-probe-restoration.json
 create mode 100644 evidence/2026-09-11-source-cleanup/ui-types-final.exit
 create mode 100644 evidence/2026-09-11-source-cleanup/ui-types.exit
 create mode 100644 evidence/2026-09-11-source-cleanup/unapplied-ended-run-followup.ts.txt
 create mode 100644 evidence/2026-09-11-source-cleanup/update-docs.mjs
 create mode 100644 evidence/2026-09-11-source-cleanup/verification.md
 create mode 100644 evidence/rat-00/baseline-build.txt
 create mode 100644 evidence/rat-00/baseline-install.txt
 create mode 100644 evidence/rat-00/baseline-preflight.txt
 create mode 100644 evidence/rat-00/bug-discovery/preflight.json
 create mode 100644 evidence/rat-00/docs-validation.txt
 create mode 100644 evidence/rat-00/environment/README.md
 create mode 100644 evidence/rat-00/environment/attempt-1-runtime-overlay-probe.json
 create mode 100644 evidence/rat-00/environment/environment-raw.json
 create mode 100644 evidence/rat-00/environment/environment-report.json
 create mode 100644 evidence/rat-00/environment/independent-fixture-review.json
 create mode 100644 evidence/rat-00/environment/independent-python-cache-review.json
 create mode 100644 evidence/rat-00/environment/isolation-probe.json
 create mode 100644 evidence/rat-00/environment/local-script-manifest.json
 create mode 100644 evidence/rat-00/environment/runtime-overlay-probe.json
 create mode 100644 evidence/rat-00/evaluation-environment-report.json
 create mode 100644 evidence/rat-00/final-source-check.json
 create mode 100644 evidence/rat-00/integrity-check.json
 create mode 100644 evidence/rat-00/model-configuration-status.json
 create mode 100644 evidence/rat-00/multi-agent/control/MA-01-collaboration.real-consumption.json
 create mode 100644 evidence/rat-00/multi-agent/control/MA-01-exploration.merge-and-unknowns.json
 create mode 100644 evidence/rat-00/multi-agent/control/MA-01-exploration.reader-overlap.json
 create mode 100644 evidence/rat-00/multi-agent/control/MA-01-exploration.source-call-chain.json
 create mode 100644 evidence/rat-00/multi-agent/control/MA-01-positive.json
 create mode 100644 evidence/rat-00/multi-agent/control/MA-02-collaboration.real-consumption.json
 create mode 100644 evidence/rat-00/multi-agent/control/MA-02-feature.accepted-proposal-consumed.json
 create mode 100644 evidence/rat-00/multi-agent/control/MA-02-feature.independent-verification.json
 create mode 100644 evidence/rat-00/multi-agent/control/MA-02-feature.review-after-checks.json
 create mode 100644 evidence/rat-00/multi-agent/control/MA-02-positive.json
 create mode 100644 evidence/rat-00/multi-agent/control/MA-03-bug.fixed-negative-not-confirmed.json
 create mode 100644 evidence/rat-00/multi-agent/control/MA-03-bug.independent-chain.json
 create mode 100644 evidence/rat-00/multi-agent/control/MA-03-bug.reproduce-then-fix.json
 create mode 100644 evidence/rat-00/multi-agent/control/MA-03-collaboration.real-consumption.json
 create mode 100644 evidence/rat-00/multi-agent/control/MA-03-positive.json
 create mode 100644 evidence/rat-00/multi-agent/control/MA-04-completion.current-fail-blocks.json
 create mode 100644 evidence/rat-00/multi-agent/control/MA-04-conflict.evidence-adjudication.json
 create mode 100644 evidence/rat-00/multi-agent/control/MA-04-lease.accepted-change-preserved.json
 create mode 100644 evidence/rat-00/multi-agent/control/MA-04-lease.exclusive-current-and-scoped.json
 create mode 100644 evidence/rat-00/multi-agent/control/MA-04-positive.json
 create mode 100644 evidence/rat-00/multi-agent/control/MA-05-isolation.independent-progress.json
 create mode 100644 evidence/rat-00/multi-agent/control/MA-05-message.replay-exactly-once.json
 create mode 100644 evidence/rat-00/multi-agent/control/MA-05-message.stale-and-cross-project-rejected.json
 create mode 100644 evidence/rat-00/multi-agent/control/MA-05-message.uncommitted-body-invisible.json
 create mode 100644 evidence/rat-00/multi-agent/control/MA-05-positive.json
 create mode 100644 evidence/rat-00/multi-agent/control/MA-06-failure.no-cascade.json
 create mode 100644 evidence/rat-00/multi-agent/control/MA-06-handoff.inherits-obligations-and-reasons.json
 create mode 100644 evidence/rat-00/multi-agent/control/MA-06-positive.json
 create mode 100644 evidence/rat-00/multi-agent/control/MA-06-recovery.reconcile-before-retry-once.json
 create mode 100644 evidence/rat-00/multi-agent/control/MA-06-recovery.stale-lease-cannot-advance.json
 create mode 100644 evidence/rat-00/multi-agent/control/MA-07-human.cancel-run-versus-goal.json
 create mode 100644 evidence/rat-00/multi-agent/control/MA-07-human.change-version-and-affected-scope.json
 create mode 100644 evidence/rat-00/multi-agent/control/MA-07-human.query-preserves-source-run.json
 create mode 100644 evidence/rat-00/multi-agent/control/MA-07-human.stale-result-and-independent-work.json
 create mode 100644 evidence/rat-00/multi-agent/control/MA-07-positive.json
 create mode 100644 evidence/rat-00/multi-agent/control/MA-08-completion.control-current-evidence-only.json
 create mode 100644 evidence/rat-00/multi-agent/control/MA-08-positive.json
 create mode 100644 evidence/rat-00/multi-agent/control/MA-08-rework.failure-before-review.json
 create mode 100644 evidence/rat-00/multi-agent/control/MA-08-rework.failure-preserved-and-new-evidence.json
 create mode 100644 evidence/rat-00/multi-agent/control/MA-08-rework.independent-review-after-pass.json
 create mode 100644 evidence/rat-00/multi-agent/control/control-selftest.json
 create mode 100644 evidence/rat-00/multi-agent/control/invalid-configuration-controls.json
 create mode 100644 evidence/rat-00/multi-agent/control/single-ablation-applicability.json
 create mode 100644 evidence/rat-00/multi-agent/functional/changed-rule-base.json
 create mode 100644 evidence/rat-00/multi-agent/functional/changed-rule-oracle-repeat.json
 create mode 100644 evidence/rat-00/multi-agent/functional/changed-rule-oracle.json
 create mode 100644 evidence/rat-00/multi-agent/functional/changed-rule-stale-near-miss.json
 create mode 100644 evidence/rat-00/multi-agent/functional/filter-base.json
 create mode 100644 evidence/rat-00/multi-agent/functional/filter-near-miss.json
 create mode 100644 evidence/rat-00/multi-agent/functional/filter-oracle-repeat.json
 create mode 100644 evidence/rat-00/multi-agent/functional/filter-oracle.json
 create mode 100644 evidence/rat-00/multi-agent/functional/functional-selftest.json
 create mode 100644 evidence/rat-00/multi-agent/functional/pagination-base.json
 create mode 100644 evidence/rat-00/multi-agent/functional/pagination-near-miss.json
 create mode 100644 evidence/rat-00/multi-agent/functional/pagination-oracle-repeat.json
 create mode 100644 evidence/rat-00/multi-agent/functional/pagination-oracle.json
 create mode 100644 evidence/rat-00/multi-agent/handoff.json
 create mode 100644 evidence/rat-00/multi-agent/injections/injection-selftest.json
 create mode 100644 evidence/rat-00/multi-agent/visible-boundary-selftest.json
 create mode 100644 evidence/rat-00/multi-agent/visible-preflight/MA-01/README.md
 create mode 100644 evidence/rat-00/multi-agent/visible-preflight/MA-01/TASK.md
 create mode 100644 evidence/rat-00/multi-agent/visible-preflight/MA-01/data/tasks.json
 create mode 100644 evidence/rat-00/multi-agent/visible-preflight/MA-01/index.html
 create mode 100644 evidence/rat-00/multi-agent/visible-preflight/MA-01/package.json
 create mode 100644 evidence/rat-00/multi-agent/visible-preflight/MA-01/server.mjs
 create mode 100644 evidence/rat-00/multi-agent/visible-preflight/MA-01/src/api.mjs
 create mode 100644 evidence/rat-00/multi-agent/visible-preflight/MA-01/src/browser.mjs
 create mode 100644 evidence/rat-00/multi-agent/visible-preflight/MA-01/src/store.mjs
 create mode 100644 evidence/rat-00/multi-agent/visible-preflight/MA-01/src/ui.mjs
 create mode 100644 evidence/rat-00/multi-agent/visible-preflight/MA-01/test/public.test.mjs
 create mode 100644 evidence/rat-00/multi-agent/visible-preflight/MA-02/README.md
 create mode 100644 evidence/rat-00/multi-agent/visible-preflight/MA-02/TASK.md
 create mode 100644 evidence/rat-00/multi-agent/visible-preflight/MA-02/data/tasks.json
 create mode 100644 evidence/rat-00/multi-agent/visible-preflight/MA-02/index.html
 create mode 100644 evidence/rat-00/multi-agent/visible-preflight/MA-02/package.json
 create mode 100644 evidence/rat-00/multi-agent/visible-preflight/MA-02/server.mjs
 create mode 100644 evidence/rat-00/multi-agent/visible-preflight/MA-02/src/api.mjs
 create mode 100644 evidence/rat-00/multi-agent/visible-preflight/MA-02/src/browser.mjs
 create mode 100644 evidence/rat-00/multi-agent/visible-preflight/MA-02/src/store.mjs
 create mode 100644 evidence/rat-00/multi-agent/visible-preflight/MA-02/src/ui.mjs
 create mode 100644 evidence/rat-00/multi-agent/visible-preflight/MA-02/test/public.test.mjs
 create mode 100644 evidence/rat-00/multi-agent/visible-preflight/MA-03/README.md
 create mode 100644 evidence/rat-00/multi-agent/visible-preflight/MA-03/TASK.md
 create mode 100644 evidence/rat-00/multi-agent/visible-preflight/MA-03/data/tasks.json
 create mode 100644 evidence/rat-00/multi-agent/visible-preflight/MA-03/index.html
 create mode 100644 evidence/rat-00/multi-agent/visible-preflight/MA-03/package.json
 create mode 100644 evidence/rat-00/multi-agent/visible-preflight/MA-03/server.mjs
 create mode 100644 evidence/rat-00/multi-agent/visible-preflight/MA-03/src/api.mjs
 create mode 100644 evidence/rat-00/multi-agent/visible-preflight/MA-03/src/browser.mjs
 create mode 100644 evidence/rat-00/multi-agent/visible-preflight/MA-03/src/store.mjs
 create mode 100644 evidence/rat-00/multi-agent/visible-preflight/MA-03/src/ui.mjs
 create mode 100644 evidence/rat-00/multi-agent/visible-preflight/MA-03/test/public.test.mjs
 create mode 100644 evidence/rat-00/multi-agent/visible-preflight/MA-04/README.md
 create mode 100644 evidence/rat-00/multi-agent/visible-preflight/MA-04/TASK.md
 create mode 100644 evidence/rat-00/multi-agent/visible-preflight/MA-04/data/tasks.json
 create mode 100644 evidence/rat-00/multi-agent/visible-preflight/MA-04/index.html
 create mode 100644 evidence/rat-00/multi-agent/visible-preflight/MA-04/package.json
 create mode 100644 evidence/rat-00/multi-agent/visible-preflight/MA-04/server.mjs
 create mode 100644 evidence/rat-00/multi-agent/visible-preflight/MA-04/src/api.mjs
 create mode 100644 evidence/rat-00/multi-agent/visible-preflight/MA-04/src/browser.mjs
 create mode 100644 evidence/rat-00/multi-agent/visible-preflight/MA-04/src/store.mjs
 create mode 100644 evidence/rat-00/multi-agent/visible-preflight/MA-04/src/ui.mjs
 create mode 100644 evidence/rat-00/multi-agent/visible-preflight/MA-04/test/public.test.mjs
 create mode 100644 evidence/rat-00/multi-agent/visible-preflight/MA-05/README.md
 create mode 100644 evidence/rat-00/multi-agent/visible-preflight/MA-05/TASK.md
 create mode 100644 evidence/rat-00/multi-agent/visible-preflight/MA-05/data/tasks.json
 create mode 100644 evidence/rat-00/multi-agent/visible-preflight/MA-05/index.html
 create mode 100644 evidence/rat-00/multi-agent/visible-preflight/MA-05/package.json
 create mode 100644 evidence/rat-00/multi-agent/visible-preflight/MA-05/server.mjs
 create mode 100644 evidence/rat-00/multi-agent/visible-preflight/MA-05/src/api.mjs
 create mode 100644 evidence/rat-00/multi-agent/visible-preflight/MA-05/src/browser.mjs
 create mode 100644 evidence/rat-00/multi-agent/visible-preflight/MA-05/src/store.mjs
 create mode 100644 evidence/rat-00/multi-agent/visible-preflight/MA-05/src/ui.mjs
 create mode 100644 evidence/rat-00/multi-agent/visible-preflight/MA-05/test/public.test.mjs
 create mode 100644 evidence/rat-00/multi-agent/visible-preflight/MA-06/README.md
 create mode 100644 evidence/rat-00/multi-agent/visible-preflight/MA-06/TASK.md
 create mode 100644 evidence/rat-00/multi-agent/visible-preflight/MA-06/data/tasks.json
 create mode 100644 evidence/rat-00/multi-agent/visible-preflight/MA-06/index.html
 create mode 100644 evidence/rat-00/multi-agent/visible-preflight/MA-06/package.json
 create mode 100644 evidence/rat-00/multi-agent/visible-preflight/MA-06/server.mjs
 create mode 100644 evidence/rat-00/multi-agent/visible-preflight/MA-06/src/api.mjs
 create mode 100644 evidence/rat-00/multi-agent/visible-preflight/MA-06/src/browser.mjs
 create mode 100644 evidence/rat-00/multi-agent/visible-preflight/MA-06/src/store.mjs
 create mode 100644 evidence/rat-00/multi-agent/visible-preflight/MA-06/src/ui.mjs
 create mode 100644 evidence/rat-00/multi-agent/visible-preflight/MA-06/test/public.test.mjs
 create mode 100644 evidence/rat-00/multi-agent/visible-preflight/MA-07/README.md
 create mode 100644 evidence/rat-00/multi-agent/visible-preflight/MA-07/TASK.md
 create mode 100644 evidence/rat-00/multi-agent/visible-preflight/MA-07/data/tasks.json
 create mode 100644 evidence/rat-00/multi-agent/visible-preflight/MA-07/index.html
 create mode 100644 evidence/rat-00/multi-agent/visible-preflight/MA-07/package.json
 create mode 100644 evidence/rat-00/multi-agent/visible-preflight/MA-07/server.mjs
 create mode 100644 evidence/rat-00/multi-agent/visible-preflight/MA-07/src/api.mjs
 create mode 100644 evidence/rat-00/multi-agent/visible-preflight/MA-07/src/browser.mjs
 create mode 100644 evidence/rat-00/multi-agent/visible-preflight/MA-07/src/store.mjs
 create mode 100644 evidence/rat-00/multi-agent/visible-preflight/MA-07/src/ui.mjs
 create mode 100644 evidence/rat-00/multi-agent/visible-preflight/MA-07/test/public.test.mjs
 create mode 100644 evidence/rat-00/multi-agent/visible-preflight/MA-08/README.md
 create mode 100644 evidence/rat-00/multi-agent/visible-preflight/MA-08/TASK.md
 create mode 100644 evidence/rat-00/multi-agent/visible-preflight/MA-08/data/tasks.json
 create mode 100644 evidence/rat-00/multi-agent/visible-preflight/MA-08/index.html
 create mode 100644 evidence/rat-00/multi-agent/visible-preflight/MA-08/package.json
 create mode 100644 evidence/rat-00/multi-agent/visible-preflight/MA-08/server.mjs
 create mode 100644 evidence/rat-00/multi-agent/visible-preflight/MA-08/src/api.mjs
 create mode 100644 evidence/rat-00/multi-agent/visible-preflight/MA-08/src/browser.mjs
 create mode 100644 evidence/rat-00/multi-agent/visible-preflight/MA-08/src/store.mjs
 create mode 100644 evidence/rat-00/multi-agent/visible-preflight/MA-08/src/ui.mjs
 create mode 100644 evidence/rat-00/multi-agent/visible-preflight/MA-08/test/public.test.mjs
 create mode 100644 evidence/rat-00/repoqa/artifact-digests.json
 create mode 100644 evidence/rat-00/repoqa/manifest-before-dependencies.json
 create mode 100644 evidence/rat-00/repoqa/preflight-before-dependencies.json
 create mode 100644 evidence/rat-00/repoqa/preflight.json
 create mode 100644 evidence/rat-00/repoqa/provenance.json
 create mode 100644 evidence/rat-00/repoqa/scorer-dependency-plan.json
 create mode 100644 evidence/rat-00/repoqa/summary.json
 create mode 100644 evidence/rat-00/repoqa/workspace-preflight.json
 create mode 100644 evidence/rat-00/source-baseline.json
 create mode 100644 evidence/rat-00/summary.json
 create mode 100644 evidence/rat-00/workspace-boundary-report.json
 create mode 100644 evidence/rat-01/automated-tests.txt
 create mode 100644 evidence/rat-01/browser-live.json
 create mode 100644 evidence/rat-01/browser-live.mjs
 create mode 100644 evidence/rat-01/browser-settings-view.mjs
 create mode 100644 evidence/rat-01/build.txt
 create mode 100644 evidence/rat-01/credential-redaction-check.json
 create mode 100644 evidence/rat-01/docs-validation.txt
 create mode 100644 evidence/rat-01/implementation-files.json
 create mode 100644 evidence/rat-01/model-configuration-reference.json
 create mode 100644 evidence/rat-01/settings-connection.png
 create mode 100644 evidence/rat-01/settings-saved.png
 create mode 100644 evidence/rat-01/summary.json
 create mode 100644 evidence/rat-01/typecheck.txt
 create mode 100644 evidence/rat-02/app-tests.txt
 create mode 100644 evidence/rat-02/browser-live.json
 create mode 100644 evidence/rat-02/browser-live.mjs
 create mode 100644 evidence/rat-02/build.txt
 create mode 100644 evidence/rat-02/credential-redaction-check.json
 create mode 100644 evidence/rat-02/docs-validation.txt
 create mode 100644 evidence/rat-02/final-source.json
 create mode 100644 evidence/rat-02/gui-live-result.png
 create mode 100644 evidence/rat-02/kernel-architecture.txt
 create mode 100644 evidence/rat-02/kernel-tests.txt
 create mode 100644 evidence/rat-02/live-execution-source.json
 create mode 100644 evidence/rat-02/live-workspace.json
 create mode 100644 evidence/rat-02/process-crash.json
 create mode 100644 evidence/rat-02/process-crash.mjs
 create mode 100644 evidence/rat-02/runtime-tests.txt
 create mode 100644 evidence/rat-02/summary.json
 create mode 100644 evidence/rat-02/typecheck.txt
 create mode 100644 evidence/rat-03/comparison.json
 create mode 100644 evidence/rat-03/credential-redaction-check.json
 create mode 100644 evidence/rat-03/docs-validation.txt
 create mode 100644 evidence/rat-03/execution-started.json
 create mode 100644 evidence/rat-03/kernel-direct/node-bearer-auth-trial-1/diff.json
 create mode 100644 evidence/rat-03/kernel-direct/node-bearer-auth-trial-1/meter.json
 create mode 100644 evidence/rat-03/kernel-direct/node-bearer-auth-trial-1/native-trace.jsonl
 create mode 100644 evidence/rat-03/kernel-direct/node-bearer-auth-trial-1/patch.diff
 create mode 100644 evidence/rat-03/kernel-direct/node-bearer-auth-trial-1/result.json
 create mode 100644 evidence/rat-03/kernel-direct/node-bearer-auth-trial-1/runtime.json
 create mode 100644 evidence/rat-03/kernel-direct/node-bearer-auth-trial-1/session.sqlite
 create mode 100644 evidence/rat-03/kernel-direct/node-bearer-auth-trial-1/trace.jsonl
 create mode 100644 evidence/rat-03/kernel-direct/node-bearer-auth-trial-1/workspace.json
 create mode 100644 evidence/rat-03/kernel-direct/python-slug-normalization-trial-1/diff.json
 create mode 100644 evidence/rat-03/kernel-direct/python-slug-normalization-trial-1/meter.json
 create mode 100644 evidence/rat-03/kernel-direct/python-slug-normalization-trial-1/native-trace.jsonl
 create mode 100644 evidence/rat-03/kernel-direct/python-slug-normalization-trial-1/patch.diff
 create mode 100644 evidence/rat-03/kernel-direct/python-slug-normalization-trial-1/result.json
 create mode 100644 evidence/rat-03/kernel-direct/python-slug-normalization-trial-1/runtime.json
 create mode 100644 evidence/rat-03/kernel-direct/python-slug-normalization-trial-1/session.sqlite
 create mode 100644 evidence/rat-03/kernel-direct/python-slug-normalization-trial-1/trace.jsonl
 create mode 100644 evidence/rat-03/kernel-direct/python-slug-normalization-trial-1/workspace.json
 create mode 100644 evidence/rat-03/kernel-direct/recovery-exactly-once-trial-1/diff.json
 create mode 100644 evidence/rat-03/kernel-direct/recovery-exactly-once-trial-1/meter.json
 create mode 100644 evidence/rat-03/kernel-direct/recovery-exactly-once-trial-1/native-trace.jsonl
 create mode 100644 evidence/rat-03/kernel-direct/recovery-exactly-once-trial-1/patch.diff
 create mode 100644 evidence/rat-03/kernel-direct/recovery-exactly-once-trial-1/result.json
 create mode 100644 evidence/rat-03/kernel-direct/recovery-exactly-once-trial-1/runtime.json
 create mode 100644 evidence/rat-03/kernel-direct/recovery-exactly-once-trial-1/session.sqlite
 create mode 100644 evidence/rat-03/kernel-direct/recovery-exactly-once-trial-1/trace.jsonl
 create mode 100644 evidence/rat-03/kernel-direct/recovery-exactly-once-trial-1/workspace.json
 create mode 100644 evidence/rat-03/kernel-direct/summary.json
 create mode 100644 evidence/rat-03/kernel-direct/ts-nullish-timeout-trial-1/diff.json
 create mode 100644 evidence/rat-03/kernel-direct/ts-nullish-timeout-trial-1/meter.json
 create mode 100644 evidence/rat-03/kernel-direct/ts-nullish-timeout-trial-1/native-trace.jsonl
 create mode 100644 evidence/rat-03/kernel-direct/ts-nullish-timeout-trial-1/patch.diff
 create mode 100644 evidence/rat-03/kernel-direct/ts-nullish-timeout-trial-1/result.json
 create mode 100644 evidence/rat-03/kernel-direct/ts-nullish-timeout-trial-1/runtime.json
 create mode 100644 evidence/rat-03/kernel-direct/ts-nullish-timeout-trial-1/session.sqlite
 create mode 100644 evidence/rat-03/kernel-direct/ts-nullish-timeout-trial-1/trace.jsonl
 create mode 100644 evidence/rat-03/kernel-direct/ts-nullish-timeout-trial-1/workspace.json
 create mode 100644 evidence/rat-03/platform-dispatch/node-bearer-auth-trial-1/diff.json
 create mode 100644 evidence/rat-03/platform-dispatch/node-bearer-auth-trial-1/dispatch.json
 create mode 100644 evidence/rat-03/platform-dispatch/node-bearer-auth-trial-1/gui-data/ledger.sqlite
 create mode 100644 evidence/rat-03/platform-dispatch/node-bearer-auth-trial-1/gui-data/project-folders.json
 create mode 100644 evidence/rat-03/platform-dispatch/node-bearer-auth-trial-1/gui-data/projects/local-c3489f8237f3b81b1cf9/ledger.sqlite
 create mode 100644 evidence/rat-03/platform-dispatch/node-bearer-auth-trial-1/gui-data/projects/local-c3489f8237f3b81b1cf9/readmodel.sqlite
 create mode 100644 evidence/rat-03/platform-dispatch/node-bearer-auth-trial-1/gui-data/readmodel.sqlite
 create mode 100644 evidence/rat-03/platform-dispatch/node-bearer-auth-trial-1/gui-data/real-runs/fd76e81ec5be03bae083a46cc0e09633abcb88b561e760e7090e23dd22875cc6.json
 create mode 100644 evidence/rat-03/platform-dispatch/node-bearer-auth-trial-1/gui-data/real-runs/fd76e81ec5be03bae083a46cc0e09633abcb88b561e760e7090e23dd22875cc6.sqlite
 create mode 100644 evidence/rat-03/platform-dispatch/node-bearer-auth-trial-1/native-trace.jsonl
 create mode 100644 evidence/rat-03/platform-dispatch/node-bearer-auth-trial-1/patch.diff
 create mode 100644 evidence/rat-03/platform-dispatch/node-bearer-auth-trial-1/platform-settled-state.json
 create mode 100644 evidence/rat-03/platform-dispatch/node-bearer-auth-trial-1/platform-state.json
 create mode 100644 evidence/rat-03/platform-dispatch/node-bearer-auth-trial-1/result.json
 create mode 100644 evidence/rat-03/platform-dispatch/node-bearer-auth-trial-1/runtime.json
 create mode 100644 evidence/rat-03/platform-dispatch/node-bearer-auth-trial-1/trace.jsonl
 create mode 100644 evidence/rat-03/platform-dispatch/node-bearer-auth-trial-1/workspace.json
 create mode 100644 evidence/rat-03/platform-dispatch/python-slug-normalization-trial-1/diff.json
 create mode 100644 evidence/rat-03/platform-dispatch/python-slug-normalization-trial-1/dispatch.json
 create mode 100644 evidence/rat-03/platform-dispatch/python-slug-normalization-trial-1/gui-data/ledger.sqlite
 create mode 100644 evidence/rat-03/platform-dispatch/python-slug-normalization-trial-1/gui-data/project-folders.json
 create mode 100644 evidence/rat-03/platform-dispatch/python-slug-normalization-trial-1/gui-data/projects/local-8e34ec09f730639a3cea/ledger.sqlite
 create mode 100644 evidence/rat-03/platform-dispatch/python-slug-normalization-trial-1/gui-data/projects/local-8e34ec09f730639a3cea/readmodel.sqlite
 create mode 100644 evidence/rat-03/platform-dispatch/python-slug-normalization-trial-1/gui-data/readmodel.sqlite
 create mode 100644 evidence/rat-03/platform-dispatch/python-slug-normalization-trial-1/gui-data/real-runs/1f612a978e66727d8cdbf0342d307fafb663a1dc0ec7964e0c047039d8056824.json
 create mode 100644 evidence/rat-03/platform-dispatch/python-slug-normalization-trial-1/gui-data/real-runs/1f612a978e66727d8cdbf0342d307fafb663a1dc0ec7964e0c047039d8056824.sqlite
 create mode 100644 evidence/rat-03/platform-dispatch/python-slug-normalization-trial-1/native-trace.jsonl
 create mode 100644 evidence/rat-03/platform-dispatch/python-slug-normalization-trial-1/patch.diff
 create mode 100644 evidence/rat-03/platform-dispatch/python-slug-normalization-trial-1/platform-settled-state.json
 create mode 100644 evidence/rat-03/platform-dispatch/python-slug-normalization-trial-1/platform-state.json
 create mode 100644 evidence/rat-03/platform-dispatch/python-slug-normalization-trial-1/result.json
 create mode 100644 evidence/rat-03/platform-dispatch/python-slug-normalization-trial-1/runtime.json
 create mode 100644 evidence/rat-03/platform-dispatch/python-slug-normalization-trial-1/trace.jsonl
 create mode 100644 evidence/rat-03/platform-dispatch/python-slug-normalization-trial-1/workspace.json
 create mode 100644 evidence/rat-03/platform-dispatch/recovery-exactly-once-trial-1/diff.json
 create mode 100644 evidence/rat-03/platform-dispatch/recovery-exactly-once-trial-1/dispatch.json
 create mode 100644 evidence/rat-03/platform-dispatch/recovery-exactly-once-trial-1/gui-data/ledger.sqlite
 create mode 100644 evidence/rat-03/platform-dispatch/recovery-exactly-once-trial-1/gui-data/project-folders.json
 create mode 100644 evidence/rat-03/platform-dispatch/recovery-exactly-once-trial-1/gui-data/projects/local-0e240f792710932932cd/ledger.sqlite
 create mode 100644 evidence/rat-03/platform-dispatch/recovery-exactly-once-trial-1/gui-data/projects/local-0e240f792710932932cd/readmodel.sqlite
 create mode 100644 evidence/rat-03/platform-dispatch/recovery-exactly-once-trial-1/gui-data/readmodel.sqlite
 create mode 100644 evidence/rat-03/platform-dispatch/recovery-exactly-once-trial-1/gui-data/real-runs/39d5cf7701762a6451128d384e826bec6d347e424e8f50969c2d97875ce15f48.json
 create mode 100644 evidence/rat-03/platform-dispatch/recovery-exactly-once-trial-1/gui-data/real-runs/39d5cf7701762a6451128d384e826bec6d347e424e8f50969c2d97875ce15f48.sqlite
 create mode 100644 evidence/rat-03/platform-dispatch/recovery-exactly-once-trial-1/native-trace.jsonl
 create mode 100644 evidence/rat-03/platform-dispatch/recovery-exactly-once-trial-1/patch.diff
 create mode 100644 evidence/rat-03/platform-dispatch/recovery-exactly-once-trial-1/platform-settled-state.json
 create mode 100644 evidence/rat-03/platform-dispatch/recovery-exactly-once-trial-1/platform-state.json
 create mode 100644 evidence/rat-03/platform-dispatch/recovery-exactly-once-trial-1/result.json
 create mode 100644 evidence/rat-03/platform-dispatch/recovery-exactly-once-trial-1/runtime.json
 create mode 100644 evidence/rat-03/platform-dispatch/recovery-exactly-once-trial-1/trace.jsonl
 create mode 100644 evidence/rat-03/platform-dispatch/recovery-exactly-once-trial-1/workspace.json
 create mode 100644 evidence/rat-03/platform-dispatch/summary.json
 create mode 100644 evidence/rat-03/platform-dispatch/ts-nullish-timeout-trial-1/diff.json
 create mode 100644 evidence/rat-03/platform-dispatch/ts-nullish-timeout-trial-1/dispatch.json
 create mode 100644 evidence/rat-03/platform-dispatch/ts-nullish-timeout-trial-1/gui-data/ledger.sqlite
 create mode 100644 evidence/rat-03/platform-dispatch/ts-nullish-timeout-trial-1/gui-data/project-folders.json
 create mode 100644 evidence/rat-03/platform-dispatch/ts-nullish-timeout-trial-1/gui-data/projects/local-63e994ee4899e1207528/ledger.sqlite
 create mode 100644 evidence/rat-03/platform-dispatch/ts-nullish-timeout-trial-1/gui-data/projects/local-63e994ee4899e1207528/readmodel.sqlite
 create mode 100644 evidence/rat-03/platform-dispatch/ts-nullish-timeout-trial-1/gui-data/readmodel.sqlite
 create mode 100644 evidence/rat-03/platform-dispatch/ts-nullish-timeout-trial-1/gui-data/real-runs/dc22d462a5b18ef5e6cfaabbb3c85c4097b656d49746150b989c3e2cd4a90e4a.json
 create mode 100644 evidence/rat-03/platform-dispatch/ts-nullish-timeout-trial-1/gui-data/real-runs/dc22d462a5b18ef5e6cfaabbb3c85c4097b656d49746150b989c3e2cd4a90e4a.sqlite
 create mode 100644 evidence/rat-03/platform-dispatch/ts-nullish-timeout-trial-1/native-trace.jsonl
 create mode 100644 evidence/rat-03/platform-dispatch/ts-nullish-timeout-trial-1/patch.diff
 create mode 100644 evidence/rat-03/platform-dispatch/ts-nullish-timeout-trial-1/platform-settled-state.json
 create mode 100644 evidence/rat-03/platform-dispatch/ts-nullish-timeout-trial-1/platform-state.json
 create mode 100644 evidence/rat-03/platform-dispatch/ts-nullish-timeout-trial-1/result.json
 create mode 100644 evidence/rat-03/platform-dispatch/ts-nullish-timeout-trial-1/runtime.json
 create mode 100644 evidence/rat-03/platform-dispatch/ts-nullish-timeout-trial-1/trace.jsonl
 create mode 100644 evidence/rat-03/platform-dispatch/ts-nullish-timeout-trial-1/workspace.json
 create mode 100644 evidence/rat-03/preflight.json
 create mode 100644 evidence/rat-03/preregistered.json
 create mode 100644 evidence/rat-03/settled-state-check.json
 create mode 100644 evidence/rat-03/source-integrity.json
 create mode 100644 evidence/rat-03/verification.json
 create mode 100644 pnpm-workspace.yaml
 create mode 100644 scripts/check-module-boundaries.mjs
 create mode 100644 scripts/copy-ui.mjs
 create mode 100644 scripts/cpp-source-query.py
 create mode 100644 scripts/module-map.d.mts
 create mode 100644 scripts/module-map.mjs
 create mode 100644 scripts/package-source-analyzers.py
 create mode 100644 scripts/python-source-query.py
 create mode 100644 scripts/setup-source-analyzers.py
 create mode 100644 scripts/test-wsl.sh
 create mode 100644 scripts/verify-source-index.mjs
 create mode 100644 scripts/verify-ui-build.mjs
 create mode 100644 scripts/verify-vault-crash.mjs
 create mode 100644 src/README.md
 create mode 100644 src/app/README.md
 create mode 100644 src/app/exploration-source.ts
 create mode 100644 src/app/file-references.ts
 create mode 100644 src/app/governance.ts
 create mode 100644 src/app/initial-planning.ts
 create mode 100644 src/app/model-settings.ts
 create mode 100644 src/app/plan-changes.ts
 create mode 100644 src/app/public/app.js
 create mode 100644 src/app/public/context-view.js
 create mode 100644 src/app/public/dock-views.css
 create mode 100644 src/app/public/dock-views.js
 create mode 100644 src/app/public/exploration-ui.css
 create mode 100644 src/app/public/exploration-ui.js
 create mode 100644 src/app/public/file-references.js
 create mode 100644 src/app/public/index.html
 create mode 100644 src/app/public/layout.js
 create mode 100644 src/app/public/live-runs.css
 create mode 100644 src/app/public/live-runs.js
 create mode 100644 src/app/public/markdown.js
 create mode 100644 src/app/public/model-settings.js
 create mode 100644 src/app/public/real-tasks.js
 create mode 100644 src/app/public/styles.css
 create mode 100644 src/app/public/verification-ui.js
 create mode 100644 src/app/public/workspace.js
 create mode 100644 src/app/server.ts
 create mode 100644 src/app/service.ts
 create mode 100644 src/app/workspace-tools.ts
 delete mode 100644 src/context/completed-work-context-compiler.ts
 delete mode 100644 src/context/query-context-compiler.ts
 create mode 100644 src/contracts/README.md
 create mode 100644 src/contracts/architecture-context.ts
 create mode 100644 src/contracts/architecture-source.ts
 create mode 100644 src/contracts/commands/architecture.ts
 create mode 100644 src/contracts/commands/context.ts
 create mode 100644 src/contracts/commands/dispatch.ts
 create mode 100644 src/contracts/commands/evidence.ts
 create mode 100644 src/contracts/commands/goal-phase.ts
 create mode 100644 src/contracts/commands/goal.ts
 create mode 100644 src/contracts/commands/governance.ts
 create mode 100644 src/contracts/commands/material-access.ts
 create mode 100644 src/contracts/commands/plan.ts
 create mode 100644 src/contracts/commands/workspace.ts
 create mode 100644 src/contracts/execution-capability.ts
 create mode 100644 src/contracts/execution-feedback.ts
 create mode 100644 src/contracts/exploration-materials.ts
 create mode 100644 src/contracts/exploration-session.ts
 create mode 100644 src/contracts/exploration.ts
 delete mode 100644 src/contracts/fixtures/human-role-collaboration-fixtures.ts
 delete mode 100644 src/contracts/fixtures/query-job-fixtures.ts
 delete mode 100644 src/contracts/fixtures/workspace-fixtures.ts
 create mode 100644 src/contracts/governance-view.ts
 create mode 100644 src/contracts/history-materials.ts
 create mode 100644 src/contracts/initial-planning.ts
 create mode 100644 src/contracts/material-access.ts
 create mode 100644 src/contracts/operator-dispatch.ts
 create mode 100644 src/contracts/operator-planning.ts
 create mode 100644 src/contracts/planning.ts
 create mode 100644 src/contracts/policy-explanation.ts
 create mode 100644 src/contracts/query-execution-context.ts
 create mode 100644 src/contracts/read-model.ts
 create mode 100644 src/contracts/reviewer-context.ts
 create mode 100644 src/contracts/reviewer-verification.ts
 create mode 100644 src/contracts/reviewer-work.ts
 create mode 100644 src/contracts/rework/acceptance.ts
 create mode 100644 src/contracts/rework/drive.ts
 create mode 100644 src/contracts/rework/issues.ts
 create mode 100644 src/contracts/rework/proposal.ts
 create mode 100644 src/contracts/role-material-channels.ts
 create mode 100644 src/contracts/role-spec-materials.ts
 create mode 100644 src/contracts/role-spec.ts
 create mode 100644 src/contracts/run-output-materials.ts
 create mode 100644 src/contracts/runtime-budget.ts
 create mode 100644 src/contracts/runtime-context-materials.ts
 create mode 100644 src/contracts/runtime-dispatch.ts
 create mode 100644 src/contracts/runtime-observations.ts
 create mode 100644 src/contracts/runtime-preparation.ts
 create mode 100644 src/contracts/scope-catalog.ts
 create mode 100644 src/contracts/task-work-identity.ts
 create mode 100644 src/contracts/validation/README.md
 create mode 100644 src/contracts/validation/architecture.ts
 create mode 100644 src/contracts/validation/bootstrap.ts
 create mode 100644 src/contracts/validation/common.ts
 create mode 100644 src/contracts/validation/context.ts
 create mode 100644 src/contracts/validation/dispatch.ts
 create mode 100644 src/contracts/validation/event.ts
 create mode 100644 src/contracts/validation/evidence.ts
 create mode 100644 src/contracts/validation/goal.ts
 create mode 100644 src/contracts/validation/governance.ts
 create mode 100644 src/contracts/validation/handoff.ts
 create mode 100644 src/contracts/validation/identity.ts
 create mode 100644 src/contracts/validation/integration.ts
 create mode 100644 src/contracts/validation/material-access.ts
 create mode 100644 src/contracts/validation/plan.ts
 create mode 100644 src/contracts/validation/role.ts
 create mode 100644 src/contracts/validation/workspace.ts
 create mode 100644 src/contracts/verification-context.ts
 create mode 100644 src/contracts/verification-import.ts
 create mode 100644 src/contracts/verification-round.ts
 create mode 100644 src/contracts/verification-service.ts
 create mode 100644 src/contracts/verification-source.ts
 create mode 100644 src/contracts/workspace-registration.ts
 delete mode 100644 src/control/architecture-reconciler.ts
 create mode 100644 src/control/architecture-reconciler/README.md
 create mode 100644 src/control/architecture-reconciler/architecture-delta.ts
 create mode 100644 src/control/architecture-reconciler/architecture-reconciler.ts
 rename src/control/{ => architecture-reconciler}/baseline-evolution-port.ts (60%)
 create mode 100644 src/control/control-engine/README.md
 create mode 100644 src/control/control-engine/architecture-evolution-policy.ts
 rename src/control/{ => control-engine}/architecture-inspection.ts (94%)
 create mode 100644 src/control/control-engine/autonomous-rework.ts
 rename src/control/{ => control-engine}/baseline-evolution.ts (83%)
 create mode 100644 src/control/control-engine/claim.ts
 rename src/control/{ => control-engine}/control-engine.ts (76%)
 rename src/control/{ => control-engine}/control-intent.ts (90%)
 rename src/control/{ => control-engine}/dispatch-facts.ts (81%)
 rename src/control/{ => control-engine}/evidence-intake.ts (84%)
 create mode 100644 src/control/control-engine/exploration-startup-reconciliation.ts
 rename src/control/{ => control-engine}/goal-change.ts (76%)
 rename src/control/{ => control-engine}/goal-reducer.ts (82%)
 rename src/control/{ => control-engine}/governance-activate.ts (96%)
 rename src/control/{ => control-engine}/governance-install.ts (92%)
 create mode 100644 src/control/control-engine/handoff.ts
 create mode 100644 src/control/control-engine/human-role-collaboration.ts
 create mode 100644 src/control/control-engine/initial-plan-source.ts
 rename src/control/{ => control-engine}/integration-join.ts (91%)
 create mode 100644 src/control/control-engine/material-access-revocation.ts
 create mode 100644 src/control/control-engine/material-access.ts
 rename src/control/{ => control-engine}/patch-record.ts (91%)
 rename src/control/{ => control-engine}/plan-acceptance.ts (95%)
 create mode 100644 src/control/control-engine/policies/architecture-evolution-policy.ts
 create mode 100644 src/control/control-engine/policies/architecture-remediation.ts
 create mode 100644 src/control/control-engine/policies/autonomous-rework.ts
 create mode 100644 src/control/control-engine/policies/coordination-policy.ts
 create mode 100644 src/control/control-engine/policies/evidence.ts
 create mode 100644 src/control/control-engine/policies/goal-change-consistency.ts
 create mode 100644 src/control/control-engine/policies/goal-change.ts
 create mode 100644 src/control/control-engine/policies/goal-phase.ts
 create mode 100644 src/control/control-engine/policies/initial-plan-admission.ts
 create mode 100644 src/control/control-engine/policies/integration.ts
 create mode 100644 src/control/control-engine/policies/remediation.ts
 create mode 100644 src/control/control-engine/policies/replacement-eligibility.ts
 create mode 100644 src/control/control-engine/policies/reviewer-evidence.ts
 create mode 100644 src/control/control-engine/policies/role-binding-admission.ts
 create mode 100644 src/control/control-engine/policies/task-eligibility.ts
 create mode 100644 src/control/control-engine/policies/task-reduction.ts
 create mode 100644 src/control/control-engine/policies/workspace-capability.ts
 create mode 100644 src/control/control-engine/policies/workspace-lease.ts
 create mode 100644 src/control/control-engine/policies/workspace-operation.ts
 create mode 100644 src/control/control-engine/policy-explanation.ts
 create mode 100644 src/control/control-engine/query-job.ts
 rename src/control/{ => control-engine}/readiness.ts (92%)
 create mode 100644 src/control/control-engine/records/architecture.ts
 create mode 100644 src/control/control-engine/records/baseline-evolution.ts
 create mode 100644 src/control/control-engine/records/context.ts
 create mode 100644 src/control/control-engine/records/control.ts
 create mode 100644 src/control/control-engine/records/dispatch.ts
 create mode 100644 src/control/control-engine/records/evidence.ts
 create mode 100644 src/control/control-engine/records/goal-change.ts
 create mode 100644 src/control/control-engine/records/goal-phase.ts
 create mode 100644 src/control/control-engine/records/handoff.ts
 create mode 100644 src/control/control-engine/records/human-role-collaboration.ts
 create mode 100644 src/control/control-engine/records/material-access.ts
 create mode 100644 src/control/control-engine/records/plan.ts
 create mode 100644 src/control/control-engine/records/query-job.ts
 create mode 100644 src/control/control-engine/records/remediation.ts
 create mode 100644 src/control/control-engine/records/role-spec.ts
 create mode 100644 src/control/control-engine/records/workspace.ts
 rename src/control/{ => control-engine}/remediation.ts (65%)
 rename src/control/{ => control-engine}/replacement-claim.ts (94%)
 create mode 100644 src/control/control-engine/reviewer-work.ts
 create mode 100644 src/control/control-engine/rework-disposition.ts
 create mode 100644 src/control/control-engine/role-spec.ts
 rename src/control/{ => control-engine}/run-facts.ts (97%)
 create mode 100644 src/control/control-engine/start-run.ts
 rename src/control/{ => control-engine}/task-reducer.ts (84%)
 create mode 100644 src/control/control-engine/work-identity-resolution.ts
 rename src/control/{ => control-engine}/work-record.ts (76%)
 create mode 100644 src/control/control-engine/workspace-lease.ts
 create mode 100644 src/control/control-engine/workspace-registration.ts
 create mode 100644 src/control/dispatch-engine/README.md
 create mode 100644 src/control/dispatch-engine/dispatch-engine.ts
 create mode 100644 src/control/dispatch-engine/exploration-context-drive.ts
 rename src/control/{ => dispatch-engine}/handoff-drive.ts (91%)
 create mode 100644 src/control/dispatch-engine/leased-worker-runtime.ts
 create mode 100644 src/control/dispatch-engine/operator-task-dispatch.ts
 create mode 100644 src/control/dispatch-engine/planned-task-dispatch.ts
 create mode 100644 src/control/dispatch-engine/query-drive.ts
 create mode 100644 src/control/dispatch-engine/reviewer-dispatch.ts
 create mode 100644 src/control/dispatch-engine/rework-drive.ts
 create mode 100644 src/control/dispatch-engine/role-spec-read.ts
 create mode 100644 src/control/dispatch-engine/runtime-dispatch.ts
 create mode 100644 src/control/dispatch-engine/work-identity.ts
 create mode 100644 src/control/dispatch-engine/work-material-drive.ts
 rename src/control/{ => dispatch-engine}/workspace-drive.ts (90%)
 create mode 100644 src/control/plan-compiler/README.md
 create mode 100644 src/control/plan-compiler/execution-feedback-compiler.ts
 create mode 100644 src/control/plan-compiler/initial-plan-compiler.ts
 create mode 100644 src/control/plan-compiler/operator-plan-compiler.ts
 create mode 100644 src/control/plan-compiler/plan-compiler.ts
 create mode 100644 src/control/plan-compiler/planning-work-materials.ts
 create mode 100644 src/control/plan-compiler/rework-plan-compiler.ts
 create mode 100644 src/control/plan-compiler/rework-proposal.ts
 delete mode 100644 src/control/query-job.ts
 create mode 100644 src/control/verification-engine/README.md
 create mode 100644 src/control/verification-engine/benchmark-verification.ts
 create mode 100644 src/control/verification-engine/candidate-patch-check.ts
 rename src/{verification => control/verification-engine}/code-graph-port.ts (64%)
 create mode 100644 src/control/verification-engine/command-check-lifecycle.ts
 create mode 100644 src/control/verification-engine/command-check-provider.ts
 create mode 100644 src/control/verification-engine/evidence-admission.ts
 create mode 100644 src/control/verification-engine/exploration-report-verifier.ts
 rename src/{verification => control/verification-engine}/migration-gate-port.ts (62%)
 create mode 100644 src/control/verification-engine/recorded-verification.ts
 create mode 100644 src/control/verification-engine/reviewer-record.ts
 create mode 100644 src/control/verification-engine/reviewer-report.ts
 create mode 100644 src/control/verification-engine/reviewer-verification.ts
 create mode 100644 src/control/verification-engine/rework-verification.ts
 create mode 100644 src/control/verification-engine/role-output-completeness.ts
 create mode 100644 src/control/verification-engine/verification-deps.ts
 create mode 100644 src/control/verification-engine/verification-engine.ts
 create mode 100644 src/control/verification-engine/verification-input.ts
 create mode 100644 src/control/verification-engine/verification-journal.ts
 create mode 100644 src/control/verification-engine/verification-open-issues.ts
 create mode 100644 src/control/verification-engine/verification-plan-compiler.ts
 create mode 100644 src/control/verification-engine/verification-reports.ts
 create mode 100644 src/control/verification-engine/verification-rounds.ts
 create mode 100644 src/control/verification-engine/verification-service.ts
 create mode 100644 src/data/artifact-vault/README.md
 create mode 100644 src/data/artifact-vault/artifact-vault.ts
 create mode 100644 src/data/artifact-vault/exploration-material-reader.ts
 create mode 100644 src/data/artifact-vault/material-access-policy.ts
 create mode 100644 src/data/artifact-vault/runtime-observation-journal.ts
 create mode 100644 src/data/artifact-vault/sqlite-artifact-vault.ts
 create mode 100644 src/data/context-compiler/README.md
 create mode 100644 src/data/context-compiler/architecture-context-compiler.ts
 create mode 100644 src/data/context-compiler/baseline-evolution-context.ts
 create mode 100644 src/data/context-compiler/completed-work-context-compiler.ts
 rename src/{context => data/context-compiler}/context-compiler.ts (75%)
 create mode 100644 src/data/context-compiler/coordination-context-compiler.ts
 create mode 100644 src/data/context-compiler/execution-feedback-context.ts
 create mode 100644 src/data/context-compiler/exploration-context-compiler.ts
 create mode 100644 src/data/context-compiler/exploration-session-context.ts
 create mode 100644 src/data/context-compiler/feedback-materials.ts
 rename src/{context => data/context-compiler}/handoff-context-compiler.ts (93%)
 create mode 100644 src/data/context-compiler/history-materials-context.ts
 create mode 100644 src/data/context-compiler/material-selection.ts
 create mode 100644 src/data/context-compiler/operator-planning-context.ts
 create mode 100644 src/data/context-compiler/planning-context-compiler.ts
 create mode 100644 src/data/context-compiler/query-context-compiler.ts
 create mode 100644 src/data/context-compiler/query-execution-context.ts
 rename src/{context => data/context-compiler}/review-context-compiler.ts (91%)
 create mode 100644 src/data/context-compiler/reviewer-context.ts
 create mode 100644 src/data/context-compiler/reviewer-profile.ts
 create mode 100644 src/data/context-compiler/reviewer-runtime-context.ts
 create mode 100644 src/data/context-compiler/role-material-sources.ts
 create mode 100644 src/data/context-compiler/role-source-index.ts
 create mode 100644 src/data/context-compiler/run-output-materials.ts
 create mode 100644 src/data/context-compiler/runtime-context.ts
 create mode 100644 src/data/context-compiler/source-graph-context.ts
 create mode 100644 src/data/context-compiler/verification-context.ts
 create mode 100644 src/data/context-compiler/verification-migration-context.ts
 rename src/{context => data/context-compiler}/work-context-compiler.ts (89%)
 create mode 100644 src/data/context-compiler/work-run-materials.ts
 create mode 100644 src/data/read-model-index/README.in-memory.md
 create mode 100644 src/data/read-model-index/README.md
 create mode 100644 src/data/read-model-index/README.sqlite.md
 create mode 100644 src/data/read-model-index/baseline-change-projection.ts
 create mode 100644 src/data/read-model-index/completed-work-eligibility.ts
 create mode 100644 src/data/read-model-index/completed-work-merge.ts
 create mode 100644 src/data/read-model-index/governance-view.ts
 create mode 100644 src/data/read-model-index/initial-planning-view.ts
 create mode 100644 src/data/read-model-index/read-model-index.ts
 create mode 100644 src/data/read-model-index/reviewer-projection.ts
 rename src/{sqlite-read-model => data/read-model-index}/sqlite-read-model-index.ts (85%)
 create mode 100644 src/data/state-ledger/README.in-memory.md
 create mode 100644 src/data/state-ledger/README.md
 create mode 100644 src/data/state-ledger/README.sqlite.md
 create mode 100644 src/data/state-ledger/governance-records.ts
 create mode 100644 src/data/state-ledger/in-memory-ledger.ts
 create mode 100644 src/data/state-ledger/ledger-scope-catalog.ts
 create mode 100644 src/data/state-ledger/ledger-validation.ts
 rename src/{sqlite-ledger => data/state-ledger}/sqlite-ledger.ts (69%)
 create mode 100644 src/data/workspace-reader/README.md
 create mode 100644 src/data/workspace-reader/architecture-source.ts
 create mode 100644 src/data/workspace-reader/candidate-workspace-reader.ts
 create mode 100644 src/data/workspace-reader/cpp-source-index.ts
 create mode 100644 src/data/workspace-reader/denied-prefixes.ts
 create mode 100644 src/data/workspace-reader/exploration-source.ts
 create mode 100644 src/data/workspace-reader/project-source-index.ts
 create mode 100644 src/data/workspace-reader/python-source-index.ts
 create mode 100644 src/data/workspace-reader/query-workspace-source-reader.ts
 create mode 100644 src/data/workspace-reader/reviewer-source-reader.ts
 create mode 100644 src/data/workspace-reader/role-source-reader.ts
 create mode 100644 src/data/workspace-reader/source-applicability.ts
 create mode 100644 src/data/workspace-reader/source-identity.ts
 create mode 100644 src/data/workspace-reader/source-index.ts
 create mode 100644 src/data/workspace-reader/source-workspace-reader.ts
 create mode 100644 src/data/workspace-reader/verification-source-applicability.ts
 create mode 100644 src/data/workspace-reader/verification-workspace-reader.ts
 rename src/data/{ => workspace-reader}/workspace-reader-adapter.ts (96%)
 create mode 100644 src/execution/worker-runtime/README.md
 create mode 100644 src/execution/worker-runtime/coding-agent-runtime.ts
 rename src/{runtime => execution/worker-runtime}/context-continuation-adapter.ts (94%)
 create mode 100644 src/execution/worker-runtime/exploration-tools.ts
 rename src/{runtime => execution/worker-runtime}/fake-runtime-adapter.ts (88%)
 rename src/{runtime => execution/worker-runtime}/handoff-control-adapter.ts (97%)
 rename src/{runtime => execution/worker-runtime}/lifecycle-control-adapter.ts (79%)
 create mode 100644 src/execution/worker-runtime/model-budget.ts
 create mode 100644 src/execution/worker-runtime/observed-model-run.ts
 rename src/{runtime => execution/worker-runtime}/read-only-query-adapter.ts (86%)
 create mode 100644 src/execution/worker-runtime/read-only-query-runtime.ts
 create mode 100644 src/execution/worker-runtime/reviewer-material-tools.ts
 create mode 100644 src/execution/worker-runtime/run-limits.ts
 create mode 100644 src/execution/worker-runtime/terminal-sandbox.py
 create mode 100644 src/execution/worker-runtime/unconfigured-capabilities.ts
 create mode 100644 src/fixtures/README.md
 rename src/{contracts => }/fixtures/architecture-evolution-policy-fixtures.ts (77%)
 create mode 100644 src/fixtures/architecture-fixtures.ts
 create mode 100644 src/fixtures/dispatch-fixtures.ts
 create mode 100644 src/fixtures/governance-fixtures.ts
 create mode 100644 src/fixtures/plan-fixtures.ts
 create mode 100644 src/fixtures/role-spec-fixtures.ts
 create mode 100644 src/harness/README.md
 create mode 100644 src/harness/query-composition.ts
 create mode 100644 src/harness/rework-composition.ts
 create mode 100644 src/interaction/human-collaboration/README.md
 create mode 100644 src/interaction/human-collaboration/exploration-session.ts
 create mode 100644 src/interaction/human-collaboration/history-materials.ts
 create mode 100644 src/interaction/human-collaboration/human-collaboration.ts
 delete mode 100644 src/runtime/workspace-capability-adapter.ts
 create mode 100644 src/storage/atomic-file.ts
 create mode 100644 src/testing/README.md
 create mode 100644 src/testing/check-providers.double.ts
 create mode 100644 src/testing/sequences.ts
 create mode 100644 src/ui/README.md
 create mode 100644 src/ui/UI-REPAIR-PROMPT.md
 create mode 100644 src/ui/index.html
 create mode 100644 src/ui/package.json
 create mode 100644 src/ui/pnpm-lock.yaml
 create mode 100644 src/ui/pnpm-workspace.yaml
 create mode 100644 src/ui/src/App.tsx
 create mode 100644 src/ui/src/api/client.ts
 create mode 100644 src/ui/src/api/hooks.ts
 create mode 100644 src/ui/src/api/types.ts
 create mode 100644 src/ui/src/components/Resizer.tsx
 create mode 100644 src/ui/src/components/states.tsx
 create mode 100644 src/ui/src/features/agents.tsx
 create mode 100644 src/ui/src/features/check-report.ts
 create mode 100644 src/ui/src/features/conversation.tsx
 create mode 100644 src/ui/src/features/diff.tsx
 create mode 100644 src/ui/src/features/exploration.tsx
 create mode 100644 src/ui/src/features/files.tsx
 create mode 100644 src/ui/src/features/governance.tsx
 create mode 100644 src/ui/src/features/history-materials.tsx
 create mode 100644 src/ui/src/features/independent-review.tsx
 create mode 100644 src/ui/src/features/initial-planning.tsx
 create mode 100644 src/ui/src/features/misc.tsx
 create mode 100644 src/ui/src/features/plan-changes.tsx
 create mode 100644 src/ui/src/features/rework.tsx
 create mode 100644 src/ui/src/features/settings.tsx
 create mode 100644 src/ui/src/features/task-graph.tsx
 create mode 100644 src/ui/src/features/tasks.tsx
 create mode 100644 src/ui/src/features/terminal.tsx
 create mode 100644 src/ui/src/features/verification-check-editor.tsx
 create mode 100644 src/ui/src/features/verification-round.tsx
 create mode 100644 src/ui/src/features/verification.tsx
 create mode 100644 src/ui/src/format.ts
 create mode 100644 src/ui/src/main.tsx
 create mode 100644 src/ui/src/markdown.tsx
 create mode 100644 src/ui/src/state/app-store.tsx
 create mode 100644 src/ui/src/state/drafts.ts
 create mode 100644 src/ui/src/state/layout.ts
 create mode 100644 src/ui/src/state/pending.ts
 create mode 100644 src/ui/src/styles.css
 create mode 100644 src/ui/src/theme.ts
 create mode 100644 src/ui/src/workbench/Workbench.tsx
 create mode 100644 src/ui/src/workbench/registry.ts
 create mode 100644 src/ui/src/workbench/view-props.ts
 create mode 100644 src/ui/tests/fixture-server.mjs
 create mode 100644 src/ui/tests/helpers.ts
 create mode 100644 src/ui/tests/independent-review.spec.ts
 create mode 100644 src/ui/tests/playwright.config.ts
 create mode 100644 src/ui/tests/real-server.mjs
 create mode 100644 src/ui/tests/reviewer-recovery.spec.ts
 create mode 100644 src/ui/tests/screenshots.mjs
 create mode 100644 src/ui/tests/semantic-collaboration.spec.ts
 create mode 100644 src/ui/tests/ui-01-scope.spec.ts
 create mode 100644 src/ui/tests/ui-02-layout.spec.ts
 create mode 100644 src/ui/tests/ui-03-reading.spec.ts
 create mode 100644 src/ui/tests/ui-04-reference.spec.ts
 create mode 100644 src/ui/tests/ui-05-09-detail.spec.ts
 create mode 100644 src/ui/tests/ui-06-07-08.spec.ts
 create mode 100644 src/ui/tests/ui-06-report-scope.spec.ts
 create mode 100644 src/ui/tests/ui-10-11.spec.ts
 create mode 100644 src/ui/tests/ui12-acceptance.mjs
 create mode 100644 src/ui/tests/verification-rounds.spec.ts
 create mode 100644 src/ui/tsconfig.json
 create mode 100644 src/ui/vite.config.ts
 delete mode 100644 src/vault/artifact-vault.ts
 delete mode 100644 src/verification/verification-engine.ts
 create mode 100644 tests/app/exploration-runtime.test.ts
 create mode 100644 tests/app/exploration-source.test.ts
 create mode 100644 tests/app/exploration-tools.test.ts
 create mode 100644 tests/app/explorations.test.ts
 create mode 100644 tests/app/file-references.test.ts
 create mode 100644 tests/app/governance-commands.test.ts
 create mode 100644 tests/app/governance.test.ts
 create mode 100644 tests/app/gui.test.ts
 create mode 100644 tests/app/history-materials.test.ts
 create mode 100644 tests/app/independent-review-fixture.ts
 create mode 100644 tests/app/independent-review.test.ts
 create mode 100644 tests/app/initial-planning.test.ts
 create mode 100644 tests/app/legacy-command-only-plan.ts
 create mode 100644 tests/app/live-content.test.ts
 create mode 100644 tests/app/model-budget.test.ts
 create mode 100644 tests/app/model-settings.test.ts
 create mode 100644 tests/app/multi-workspace.test.ts
 create mode 100644 tests/app/plan-changes.test.ts
 create mode 100644 tests/app/real-runtime.test.ts
 create mode 100644 tests/app/reviewer-product-recovery.test.ts
 create mode 100644 tests/app/reviewer-recovery-fixture.ts
 create mode 100644 tests/app/reviewer-source-tools.test.ts
 create mode 100644 tests/app/rework-dispatch.test.ts
 create mode 100644 tests/app/rework-drive.test.ts
 create mode 100644 tests/app/rework-issues.test.ts
 create mode 100644 tests/app/role-material-run.test.ts
 create mode 100644 tests/app/role-spec-governance.test.ts
 create mode 100644 tests/app/runtime-context-fixture.ts
 create mode 100644 tests/app/runtime-context.test.ts
 create mode 100644 tests/app/semantic-collaboration-fixture.ts
 create mode 100644 tests/app/semantic-collaboration.test.ts
 create mode 100644 tests/app/semantic-query.test.ts
 create mode 100644 tests/app/verification-imports.test.ts
 create mode 100644 tests/app/verification-round-fixture.ts
 create mode 100644 tests/app/verification-rounds.test.ts
 create mode 100644 tests/app/work-material-delivery.test.ts
 create mode 100644 tests/app/workspace-tools.test.ts
 create mode 100644 tests/context/completed-work-regression.test.ts
 create mode 100644 tests/context/material-selection.test.ts
 create mode 100644 tests/context/persisted-query-source.test.ts
 create mode 100644 tests/context/query-execution-context.test.ts
 create mode 100644 tests/context/reviewer-context.test.ts
 create mode 100644 tests/context/role-code-channel.test.ts
 create mode 100644 tests/context/role-source-stability.test.ts
 create mode 100644 tests/context/verification-round-context.test.ts
 create mode 100644 tests/context/verification-workspace-reader.test.ts
 create mode 100644 tests/context/work-run-materials.test.ts
 create mode 100644 tests/contract-support/README.md
 create mode 100644 tests/contract-support/fixtures/baseline-evolution-fixtures.ts
 rename {src/contracts => tests/contract-support}/fixtures/bootstrap-fixture-v1.ts (91%)
 rename {src/contracts => tests/contract-support}/fixtures/completed-work-fixtures.ts (85%)
 create mode 100644 tests/contract-support/fixtures/console-fixtures.ts
 create mode 100644 tests/contract-support/fixtures/context-fixtures.ts
 create mode 100644 tests/contract-support/fixtures/control-fixtures.ts
 create mode 100644 tests/contract-support/fixtures/evidence-fixtures.ts
 create mode 100644 tests/contract-support/fixtures/goal-change-fixtures.ts
 rename {src/contracts => tests/contract-support}/fixtures/goal-fixtures.ts (85%)
 create mode 100644 tests/contract-support/fixtures/goal-phase-fixtures.ts
 create mode 100644 tests/contract-support/fixtures/handoff-fixtures.ts
 create mode 100644 tests/contract-support/fixtures/human-role-collaboration-fixtures.ts
 create mode 100644 tests/contract-support/fixtures/material-access-fixtures.ts
 create mode 100644 tests/contract-support/fixtures/query-job-fixtures.ts
 create mode 100644 tests/contract-support/fixtures/remediation-fixtures.ts
 create mode 100644 tests/contract-support/fixtures/workspace-fixtures.ts
 create mode 100644 tests/contract-support/testing/control.double.ts
 create mode 100644 tests/contract-support/testing/handoff-control.double.ts
 create mode 100644 tests/contract-support/testing/read-model.double.ts
 create mode 100644 tests/contract-support/testing/state-ledger.double.ts
 create mode 100644 tests/contracts/material-access.test.ts
 create mode 100644 tests/contracts/module-ownership.test.ts
 create mode 100644 tests/contracts/state-ledger.double.test.ts
 create mode 100644 tests/control/architecture-delta-regression.test.ts
 create mode 100644 tests/control/autonomous-rework-fixture.ts
 create mode 100644 tests/control/autonomous-rework.test.ts
 create mode 100644 tests/control/canonical-record-scope.test.ts
 create mode 100644 tests/control/governance-command-builders.test.ts
 create mode 100644 tests/control/initial-plan-source.test.ts
 create mode 100644 tests/control/live-frontier-regression.test.ts
 create mode 100644 tests/control/material-access.test.ts
 create mode 100644 tests/control/operator-entry-role.test.ts
 create mode 100644 tests/control/plan-impact-work-identity.test.ts
 create mode 100644 tests/control/planning-fixture.ts
 create mode 100644 tests/control/planning-interface.test.ts
 create mode 100644 tests/control/reviewer-dispatch-isolation.test.ts
 create mode 100644 tests/control/reviewer-existing-drivers-isolation.test.ts
 create mode 100644 tests/control/reviewer-lease-conflict-recovery.test.ts
 create mode 100644 tests/control/reviewer-reduction-race.test.ts
 create mode 100644 tests/control/reviewer-runtime-start-rejection.test.ts
 create mode 100644 tests/control/reviewer-unknown-outcome-preservation.test.ts
 create mode 100644 tests/control/reviewer-work-fixture.ts
 create mode 100644 tests/control/reviewer-work-persistence.test.ts
 create mode 100644 tests/control/reviewer-work.test.ts
 create mode 100644 tests/control/rework-disposition-authority.test.ts
 create mode 100644 tests/control/rework-drive-fixture.ts
 create mode 100644 tests/control/rework-drive-harness.test.ts
 create mode 100644 tests/control/rework-drive.test.ts
 create mode 100644 tests/control/rework-plan-compiler.test.ts
 create mode 100644 tests/control/rework-task-dispatch.test.ts
 create mode 100644 tests/control/rework-unknown-disposition-review.test.ts
 create mode 100644 tests/control/role-binding-admission.test.ts
 create mode 100644 tests/control/role-material-completion.test.ts
 create mode 100644 tests/control/role-spec-material-read.test.ts
 create mode 100644 tests/control/role-spec.test.ts
 create mode 100644 tests/control/runtime-dispatch.test.ts
 create mode 100644 tests/control/source-architecture.test.ts
 create mode 100644 tests/control/work-identity-harness.test.ts
 create mode 100644 tests/control/work-identity-uniqueness.test.ts
 create mode 100644 tests/control/work-identity.test.ts
 create mode 100644 tests/control/work-material-gate.test.ts
 create mode 100644 tests/control/workspace-capability-policy.test.ts
 create mode 100644 tests/control/workspace-lease-regression.test.ts
 create mode 100644 tests/control/workspace-registration.test.ts
 create mode 100644 tests/data/candidate-workspace-reader.test.ts
 create mode 100644 tests/data/cpp-source-index.test.ts
 create mode 100644 tests/data/exploration-source-applicability.test.ts
 create mode 100644 tests/data/ledger-scope-catalog.test.ts
 create mode 100644 tests/data/project-source-index.test.ts
 create mode 100644 tests/data/python-source-index.test.ts
 create mode 100644 tests/data/source-applicability-fixture.ts
 create mode 100644 tests/data/source-applicability.test.ts
 create mode 100644 tests/data/source-index.test.ts
 create mode 100644 tests/data/workspace-path-boundary.test.ts
 create mode 100644 tests/integration/p1-09-query-regression.test.ts
 create mode 100644 tests/interaction/exploration-session.test.ts
 create mode 100644 tests/ledger/identity-upgrade.test.ts
 create mode 100644 tests/ledger/snapshot-isolation.test.ts
 create mode 100644 tests/read-model/completed-work-filter.test.ts
 create mode 100644 tests/read-model/completed-work-merge-visibility.test.ts
 create mode 100644 tests/read-model/governance-view.test.ts
 create mode 100644 tests/read-model/material-access-lookup.test.ts
 create mode 100644 tests/read-model/material-access-projection.test.ts
 create mode 100644 tests/read-model/plan-change-timeline.test.ts
 create mode 100644 tests/restart/material-access-restart.test.ts
 create mode 100644 tests/restart/material-revocation.test.ts
 create mode 100644 tests/restart/material-source-applicability.test.ts
 create mode 100644 tests/restart/material-source-process.mjs
 create mode 100644 tests/restart/readiness-probe.test.ts
 create mode 100644 tests/restart/readiness-probe.ts
 create mode 100644 tests/runtime/runtime-observation-journal.test.ts
 create mode 100644 tests/runtime/unconfigured-capabilities.test.ts
 create mode 100644 tests/sqlite-read-model/material-access-projection.test.ts
 create mode 100644 tests/support/legacy-work-context-seed.ts
 create mode 100644 tests/ui/client.test.ts
 create mode 100644 tests/ui/layout.test.ts
 create mode 100644 tests/ui/pending.test.ts
 create mode 100644 tests/ui/plan-changes.test.ts
 create mode 100644 tests/ui/rendering.test.ts
 create mode 100644 tests/vault/exploration-material-reader.test.ts
 create mode 100644 tests/vault/material-access-grant.test.ts
 create mode 100644 tests/vault/persistent-vault.test.ts
 create mode 100644 tests/vault/verification-source-pin.test.ts
 create mode 100644 tests/verification/candidate-patch-check.test.ts
 create mode 100644 tests/verification/command-check-provider.test.ts
 create mode 100644 tests/verification/feedback-investigation-authority.test.ts
 create mode 100644 tests/verification/reviewer-fixture.ts
 create mode 100644 tests/verification/reviewer-recovery.test.ts
 create mode 100644 tests/verification/reviewer-verification.test.ts
 create mode 100644 tests/verification/rework-issues.test.ts
 create mode 100644 tests/verification/role-output-completeness.test.ts
 create mode 100644 tests/verification/semantic-reverification.test.ts
 create mode 100644 tests/verification/verification-rounds.test.ts
 create mode 100644 tests/verification/verification-service.test.ts
 create mode 100644 tsconfig.app.json
 create mode 100644 vendor/coding-agent/.github/workflows/ci.yml
 create mode 100644 vendor/coding-agent/.gitignore
 create mode 100644 vendor/coding-agent/.npmrc
 create mode 100644 vendor/coding-agent/.nvmrc
 create mode 100644 vendor/coding-agent/.prettierignore
 create mode 100644 vendor/coding-agent/AGENTS.md
 create mode 100644 vendor/coding-agent/INTEGRATION.md
 create mode 100644 vendor/coding-agent/README.md
 create mode 100644 vendor/coding-agent/UPSTREAM.json
 create mode 100644 vendor/coding-agent/benchmarks/README.md
 create mode 100644 vendor/coding-agent/benchmarks/harness/README.md
 create mode 100644 vendor/coding-agent/benchmarks/harness/agent-runner.mjs
 create mode 100644 vendor/coding-agent/benchmarks/harness/benchmark-harness.mjs
 create mode 100644 vendor/coding-agent/benchmarks/harness/cli.mjs
 create mode 100644 vendor/coding-agent/benchmarks/harness/provider-smoke.mjs
 create mode 100644 vendor/coding-agent/benchmarks/harness/real-baseline.mjs
 create mode 100644 vendor/coding-agent/benchmarks/results/README.md
 create mode 100644 vendor/coding-agent/benchmarks/schemas/README.md
 create mode 100644 vendor/coding-agent/benchmarks/schemas/benchmark-schema.mjs
 create mode 100644 vendor/coding-agent/benchmarks/schemas/provider-smoke-schema.mjs
 create mode 100644 vendor/coding-agent/benchmarks/tasks/README.md
 create mode 100644 vendor/coding-agent/benchmarks/tasks/node-bearer-auth/hidden_tests/evaluate.mjs
 create mode 100644 vendor/coding-agent/benchmarks/tasks/node-bearer-auth/instruction.md
 create mode 100644 vendor/coding-agent/benchmarks/tasks/node-bearer-auth/task.yaml
 create mode 100644 vendor/coding-agent/benchmarks/tasks/node-bearer-auth/workspace/base/src/auth.mjs
 create mode 100644 vendor/coding-agent/benchmarks/tasks/node-bearer-auth/workspace/base/test.mjs
 create mode 100644 vendor/coding-agent/benchmarks/tasks/node-bearer-auth/workspace/near-miss/src/auth.mjs
 create mode 100644 vendor/coding-agent/benchmarks/tasks/node-bearer-auth/workspace/oracle/src/auth.mjs
 create mode 100644 vendor/coding-agent/benchmarks/tasks/python-slug-normalization/hidden_tests/evaluate.py
 create mode 100644 vendor/coding-agent/benchmarks/tasks/python-slug-normalization/instruction.md
 create mode 100644 vendor/coding-agent/benchmarks/tasks/python-slug-normalization/task.yaml
 create mode 100644 vendor/coding-agent/benchmarks/tasks/python-slug-normalization/workspace/base/slug.py
 create mode 100644 vendor/coding-agent/benchmarks/tasks/python-slug-normalization/workspace/base/test_slug.py
 create mode 100644 vendor/coding-agent/benchmarks/tasks/python-slug-normalization/workspace/near-miss/slug.py
 create mode 100644 vendor/coding-agent/benchmarks/tasks/python-slug-normalization/workspace/oracle/slug.py
 create mode 100644 vendor/coding-agent/benchmarks/tasks/recovery-exactly-once/hidden_tests/evaluate.mjs
 create mode 100644 vendor/coding-agent/benchmarks/tasks/recovery-exactly-once/instruction.md
 create mode 100644 vendor/coding-agent/benchmarks/tasks/recovery-exactly-once/task.yaml
 create mode 100644 vendor/coding-agent/benchmarks/tasks/recovery-exactly-once/workspace/base/.env
 create mode 100644 vendor/coding-agent/benchmarks/tasks/recovery-exactly-once/workspace/base/src/recover.mjs
 create mode 100644 vendor/coding-agent/benchmarks/tasks/recovery-exactly-once/workspace/base/test.mjs
 create mode 100644 vendor/coding-agent/benchmarks/tasks/recovery-exactly-once/workspace/near-miss/src/recover.mjs
 create mode 100644 vendor/coding-agent/benchmarks/tasks/recovery-exactly-once/workspace/oracle/src/recover.mjs
 create mode 100644 vendor/coding-agent/benchmarks/tasks/ts-nullish-timeout/hidden_tests/evaluate.mjs
 create mode 100644 vendor/coding-agent/benchmarks/tasks/ts-nullish-timeout/instruction.md
 create mode 100644 vendor/coding-agent/benchmarks/tasks/ts-nullish-timeout/task.yaml
 create mode 100644 vendor/coding-agent/benchmarks/tasks/ts-nullish-timeout/workspace/base/src/timeout.mjs
 create mode 100644 vendor/coding-agent/benchmarks/tasks/ts-nullish-timeout/workspace/base/test.mjs
 create mode 100644 vendor/coding-agent/benchmarks/tasks/ts-nullish-timeout/workspace/near-miss/src/timeout.mjs
 create mode 100644 vendor/coding-agent/benchmarks/tasks/ts-nullish-timeout/workspace/oracle/src/timeout.mjs
 create mode 100644 vendor/coding-agent/config/README.md
 create mode 100644 vendor/coding-agent/docs/README.md
 create mode 100644 vendor/coding-agent/docs/adr/0001-engineering-baseline.md
 create mode 100644 vendor/coding-agent/docs/adr/0002-node-sqlite-session-storage.md
 create mode 100644 vendor/coding-agent/docs/adr/0003-multi-provider-baseline.md
 create mode 100644 vendor/coding-agent/docs/adr/0004-streaming-and-workspace-consistency.md
 create mode 100644 vendor/coding-agent/docs/adr/0005-tool-lifecycle-states.md
 create mode 100644 vendor/coding-agent/docs/adr/README.md
 create mode 100644 "vendor/coding-agent/docs/agent_history/\350\257\204\345\256\241agent_01.md"
 create mode 100644 vendor/coding-agent/docs/architecture/README.md
 create mode 100644 vendor/coding-agent/docs/architecture/dsh-pi-relationship.md
 create mode 100644 vendor/coding-agent/docs/architecture/evolution-overview.md
 create mode 100644 vendor/coding-agent/docs/architecture/folder-structure.md
 create mode 100644 vendor/coding-agent/docs/architecture/m4-secure-snapshot-incremental-consistency.md
 create mode 100644 vendor/coding-agent/docs/architecture/module-map.md
 create mode 100644 vendor/coding-agent/docs/architecture/next-module-map.md
 create mode 100644 vendor/coding-agent/docs/architecture/source-module-guide.md
 create mode 100644 vendor/coding-agent/docs/data-flow/README.md
 create mode 100644 vendor/coding-agent/docs/data-flow/m1-contract-flow.md
 create mode 100644 vendor/coding-agent/docs/data-flow/m2-m4-runtime-flow.md
 create mode 100644 vendor/coding-agent/docs/data-flow/m5-cli-provider-flow.md
 create mode 100644 vendor/coding-agent/docs/data-flow/next-agent-data-flow.md
 create mode 100644 vendor/coding-agent/docs/development/README.md
 create mode 100644 vendor/coding-agent/docs/development/getting-started.md
 create mode 100644 vendor/coding-agent/docs/development/improvement-plan-from-codex-review.md
 create mode 100644 vendor/coding-agent/docs/development/m6-independent-quality-re-review-round-3-2026-08-28.md
 create mode 100644 vendor/coding-agent/docs/development/m6-independent-quality-review-2026-08-28.md
 create mode 100644 vendor/coding-agent/docs/development/m7-context-compaction-multi-agent-plan.md
 create mode 100644 vendor/coding-agent/docs/development/m7-session-data-plane-compaction-presearch.md
 create mode 100644 vendor/coding-agent/docs/development/post-m6-large-repo-roadmap.md
 create mode 100644 vendor/coding-agent/docs/development/release-checklist.md
 create mode 100644 vendor/coding-agent/docs/interfaces/README.md
 create mode 100644 vendor/coding-agent/docs/interfaces/m1-01-m1-04-contracts.md
 create mode 100644 vendor/coding-agent/docs/interfaces/m1-core-contracts.md
 create mode 100644 vendor/coding-agent/docs/interfaces/m2-m4-runtime-tools-storage.md
 create mode 100644 vendor/coding-agent/docs/interfaces/m5-app-providers-extensions.md
 create mode 100644 vendor/coding-agent/docs/testing/README.md
 create mode 100644 vendor/coding-agent/docs/testing/m0-verification.md
 create mode 100644 vendor/coding-agent/docs/testing/m1-01-m1-04-verification.md
 create mode 100644 vendor/coding-agent/docs/testing/m1-verification.md
 create mode 100644 vendor/coding-agent/docs/testing/m2-m4-verification.md
 create mode 100644 vendor/coding-agent/docs/testing/m5-verification.md
 create mode 100644 vendor/coding-agent/docs/testing/m6-verification.md
 create mode 100644 vendor/coding-agent/docs/testing/web-ui-business-verification.md
 create mode 100644 vendor/coding-agent/eslint.config.js
 create mode 100644 vendor/coding-agent/package-lock.json
 create mode 100644 vendor/coding-agent/package.json
 create mode 100644 vendor/coding-agent/prettier.config.mjs
 create mode 100644 vendor/coding-agent/resources/README.md
 create mode 100644 vendor/coding-agent/resources/mcp/README.md
 create mode 100644 vendor/coding-agent/resources/skills/README.md
 create mode 100644 vendor/coding-agent/resources/skills/coding-safety/content.md
 create mode 100644 vendor/coding-agent/resources/skills/coding-safety/skill.json
 create mode 100644 vendor/coding-agent/resources/skills/project-conventions/content.md
 create mode 100644 vendor/coding-agent/resources/skills/project-conventions/skill.json
 create mode 100644 vendor/coding-agent/scripts/check-architecture.mjs
 create mode 100644 vendor/coding-agent/src/app/README.md
 create mode 100644 vendor/coding-agent/src/app/cli/README.md
 create mode 100644 vendor/coding-agent/src/app/cli/cli.ts
 create mode 100644 vendor/coding-agent/src/app/cli/main.ts
 create mode 100644 vendor/coding-agent/src/app/composition/README.md
 create mode 100644 vendor/coding-agent/src/app/composition/app-config.ts
 create mode 100644 vendor/coding-agent/src/app/composition/composition-root.ts
 create mode 100644 vendor/coding-agent/src/app/composition/resume-composition.ts
 create mode 100644 vendor/coding-agent/src/app/prompts/coding-agent-system-prompt.ts
 create mode 100644 vendor/coding-agent/src/app/web/README.md
 create mode 100644 vendor/coding-agent/src/app/web/main.ts
 create mode 100644 vendor/coding-agent/src/app/web/web-event-projection.ts
 create mode 100644 vendor/coding-agent/src/app/web/web-page.ts
 create mode 100644 vendor/coding-agent/src/app/web/web-run-manager.ts
 create mode 100644 vendor/coding-agent/src/app/web/web-server.ts
 create mode 100644 vendor/coding-agent/src/core/README.md
 create mode 100644 vendor/coding-agent/src/core/context/README.md
 create mode 100644 vendor/coding-agent/src/core/context/builder/README.md
 create mode 100644 vendor/coding-agent/src/core/context/builder/context-builder.ts
 create mode 100644 vendor/coding-agent/src/core/context/compactor/README.md
 create mode 100644 vendor/coding-agent/src/core/context/selection_policy/README.md
 create mode 100644 vendor/coding-agent/src/core/context/selection_policy/context-selection-policy.ts
 create mode 100644 vendor/coding-agent/src/core/context/types/README.md
 create mode 100644 vendor/coding-agent/src/core/context/types/context-types.ts
 create mode 100644 vendor/coding-agent/src/core/hooks/README.md
 create mode 100644 vendor/coding-agent/src/core/hooks/executor/README.md
 create mode 100644 vendor/coding-agent/src/core/hooks/executor/hook-executor.ts
 create mode 100644 vendor/coding-agent/src/core/hooks/protocol/README.md
 create mode 100644 vendor/coding-agent/src/core/hooks/protocol/hook-protocol.ts
 create mode 100644 vendor/coding-agent/src/core/hooks/registry/README.md
 create mode 100644 vendor/coding-agent/src/core/hooks/registry/hook-registry.ts
 create mode 100644 vendor/coding-agent/src/core/ports/README.md
 create mode 100644 vendor/coding-agent/src/core/ports/checkpoint_store/README.md
 create mode 100644 vendor/coding-agent/src/core/ports/checkpoint_store/checkpoint-store-port.ts
 create mode 100644 vendor/coding-agent/src/core/ports/event_sink/README.md
 create mode 100644 vendor/coding-agent/src/core/ports/event_sink/event-sink-port.ts
 create mode 100644 vendor/coding-agent/src/core/ports/memory_provider/README.md
 create mode 100644 vendor/coding-agent/src/core/ports/memory_provider/memory-provider-port.ts
 create mode 100644 vendor/coding-agent/src/core/ports/model_client/README.md
 create mode 100644 vendor/coding-agent/src/core/ports/model_client/model-client-port.ts
 create mode 100644 vendor/coding-agent/src/core/ports/session_store/README.md
 create mode 100644 vendor/coding-agent/src/core/ports/session_store/session-projection.ts
 create mode 100644 vendor/coding-agent/src/core/ports/session_store/session-store-port.ts
 create mode 100644 vendor/coding-agent/src/core/ports/skill_provider/README.md
 create mode 100644 vendor/coding-agent/src/core/ports/skill_provider/skill-provider-port.ts
 create mode 100644 vendor/coding-agent/src/core/ports/tool_batch_policy/README.md
 create mode 100644 vendor/coding-agent/src/core/ports/tool_batch_policy/tool-batch-policy-port.ts
 create mode 100644 vendor/coding-agent/src/core/ports/tool_executor/README.md
 create mode 100644 vendor/coding-agent/src/core/ports/tool_executor/tool-executor-port.ts
 create mode 100644 vendor/coding-agent/src/core/runtime/README.md
 create mode 100644 vendor/coding-agent/src/core/runtime/cancellation/README.md
 create mode 100644 vendor/coding-agent/src/core/runtime/cancellation/cancellation-controller.ts
 create mode 100644 vendor/coding-agent/src/core/runtime/checkpointing/checkpointing-event-sink.ts
 create mode 100644 vendor/coding-agent/src/core/runtime/event_delivery/README.md
 create mode 100644 vendor/coding-agent/src/core/runtime/event_delivery/event-delivery-coordinator.ts
 create mode 100644 vendor/coding-agent/src/core/runtime/events/README.md
 create mode 100644 vendor/coding-agent/src/core/runtime/events/agent-events.ts
 create mode 100644 vendor/coding-agent/src/core/runtime/limits/README.md
 create mode 100644 vendor/coding-agent/src/core/runtime/limits/limit-guard.ts
 create mode 100644 vendor/coding-agent/src/core/runtime/loop/README.md
 create mode 100644 vendor/coding-agent/src/core/runtime/loop/model-stream-consumer.ts
 create mode 100644 vendor/coding-agent/src/core/runtime/loop/runtime-runner.ts
 create mode 100644 vendor/coding-agent/src/core/runtime/recovery/recovery-coordinator.ts
 create mode 100644 vendor/coding-agent/src/core/runtime/reducer/README.md
 create mode 100644 vendor/coding-agent/src/core/runtime/reducer/run-state-reducer.ts
 create mode 100644 vendor/coding-agent/src/core/runtime/state/README.md
 create mode 100644 vendor/coding-agent/src/core/runtime/state/run-state.ts
 create mode 100644 vendor/coding-agent/src/core/runtime/tool-outcome-unknown.ts
 create mode 100644 vendor/coding-agent/src/m5-public-api.ts
 create mode 100644 vendor/coding-agent/src/mcp/README.md
 create mode 100644 vendor/coding-agent/src/mcp/adapter/README.md
 create mode 100644 vendor/coding-agent/src/mcp/client/README.md
 create mode 100644 vendor/coding-agent/src/mcp/connection/README.md
 create mode 100644 vendor/coding-agent/src/memory/README.md
 create mode 100644 vendor/coding-agent/src/memory/providers/README.md
 create mode 100644 vendor/coding-agent/src/memory/providers/empty/README.md
 create mode 100644 vendor/coding-agent/src/memory/providers/empty/empty-memory-provider.ts
 create mode 100644 vendor/coding-agent/src/memory/providers/project_memory/README.md
 create mode 100644 vendor/coding-agent/src/model/README.md
 create mode 100644 vendor/coding-agent/src/model/providers/README.md
 create mode 100644 vendor/coding-agent/src/model/providers/deepseek/README.md
 create mode 100644 vendor/coding-agent/src/model/providers/deepseek/deepseek-model-client.ts
 create mode 100644 vendor/coding-agent/src/model/providers/openai/README.md
 create mode 100644 vendor/coding-agent/src/model/providers/openai/openai-model-client.ts
 create mode 100644 vendor/coding-agent/src/model/providers/provider-support.ts
 create mode 100644 vendor/coding-agent/src/model/providers/registry/README.md
 create mode 100644 vendor/coding-agent/src/model/providers/registry/builtin-provider-registry.ts
 create mode 100644 vendor/coding-agent/src/model/providers/registry/provider-registry.ts
 create mode 100644 vendor/coding-agent/src/observability/README.md
 create mode 100644 vendor/coding-agent/src/observability/event_sink/README.md
 create mode 100644 vendor/coding-agent/src/observability/event_sink/event-sink-adapters.ts
 create mode 100644 vendor/coding-agent/src/observability/logging/README.md
 create mode 100644 vendor/coding-agent/src/observability/logging/structured-event-logger.ts
 create mode 100644 vendor/coding-agent/src/observability/metrics/README.md
 create mode 100644 vendor/coding-agent/src/observability/trace/README.md
 create mode 100644 vendor/coding-agent/src/observability/trace/in-memory-trace-sink.ts
 create mode 100644 vendor/coding-agent/src/policy/README.md
 create mode 100644 vendor/coding-agent/src/policy/approval/README.md
 create mode 100644 vendor/coding-agent/src/policy/approval/approval-coordinator.ts
 create mode 100644 vendor/coding-agent/src/policy/guardrails/README.md
 create mode 100644 vendor/coding-agent/src/policy/permissions/README.md
 create mode 100644 vendor/coding-agent/src/policy/permissions/permission-policy.ts
 create mode 100644 vendor/coding-agent/src/public-api.ts
 create mode 100644 vendor/coding-agent/src/sandbox/README.md
 create mode 100644 vendor/coding-agent/src/sandbox/process/README.md
 create mode 100644 vendor/coding-agent/src/sandbox/process/process-sandbox.ts
 create mode 100644 vendor/coding-agent/src/sandbox/workspace/README.md
 create mode 100644 vendor/coding-agent/src/sandbox/workspace/workspace-sandbox.ts
 create mode 100644 vendor/coding-agent/src/skills/README.md
 create mode 100644 vendor/coding-agent/src/skills/loader/README.md
 create mode 100644 vendor/coding-agent/src/skills/loader/file-skill-loader.ts
 create mode 100644 vendor/coding-agent/src/skills/registry/README.md
 create mode 100644 vendor/coding-agent/src/skills/registry/skill-registry.ts
 create mode 100644 vendor/coding-agent/src/storage/README.md
 create mode 100644 vendor/coding-agent/src/storage/adapters/README.md
 create mode 100644 vendor/coding-agent/src/storage/adapters/in_memory/README.md
 create mode 100644 vendor/coding-agent/src/storage/adapters/in_memory/in-memory-stores.ts
 create mode 100644 vendor/coding-agent/src/storage/adapters/sqlite/README.md
 create mode 100644 vendor/coding-agent/src/storage/adapters/sqlite/sqlite-stores.ts
 create mode 100644 vendor/coding-agent/src/storage/session_event_sink/session-event-sink.ts
 create mode 100644 vendor/coding-agent/src/tools/README.md
 create mode 100644 vendor/coding-agent/src/tools/builtin/README.md
 create mode 100644 vendor/coding-agent/src/tools/builtin/check/README.md
 create mode 100644 vendor/coding-agent/src/tools/builtin/check/check-tool.ts
 create mode 100644 vendor/coding-agent/src/tools/builtin/edit/README.md
 create mode 100644 vendor/coding-agent/src/tools/builtin/edit/edit-tool.ts
 create mode 100644 vendor/coding-agent/src/tools/builtin/read/README.md
 create mode 100644 vendor/coding-agent/src/tools/builtin/read/read-tool.ts
 create mode 100644 vendor/coding-agent/src/tools/builtin/shell/README.md
 create mode 100644 vendor/coding-agent/src/tools/builtin/shell/shell-tool.ts
 create mode 100644 vendor/coding-agent/src/tools/dispatcher/README.md
 create mode 100644 vendor/coding-agent/src/tools/dispatcher/tool-dispatcher.ts
 create mode 100644 vendor/coding-agent/src/tools/registry/README.md
 create mode 100644 vendor/coding-agent/src/tools/registry/tool-registry.ts
 create mode 100644 vendor/coding-agent/src/tools/schemas/README.md
 create mode 100644 vendor/coding-agent/src/tools/schemas/tool-schemas.ts
 create mode 100644 vendor/coding-agent/tests/README.md
 create mode 100644 vendor/coding-agent/tests/architecture/README.md
 create mode 100644 vendor/coding-agent/tests/architecture/architecture-check.test.ts
 create mode 100644 vendor/coding-agent/tests/contract/README.md
 create mode 100644 vendor/coding-agent/tests/contract/hook-event-sink.contract.test.ts
 create mode 100644 vendor/coding-agent/tests/contract/m5-providers.contract.test.ts
 create mode 100644 vendor/coding-agent/tests/contract/model-client.contract.test.ts
 create mode 100644 vendor/coding-agent/tests/contract/state-events.contract.test.ts
 create mode 100644 vendor/coding-agent/tests/contract/tool-executor.contract.test.ts
 create mode 100644 vendor/coding-agent/tests/e2e/README.md
 create mode 100644 vendor/coding-agent/tests/e2e/m3-bwrap-runtime.test.ts
 create mode 100644 vendor/coding-agent/tests/e2e/m4-cross-process.test.ts
 create mode 100644 vendor/coding-agent/tests/e2e/m4-stable-cross-process.test.ts
 create mode 100644 vendor/coding-agent/tests/e2e/m5-cli-child.test.ts
 create mode 100644 vendor/coding-agent/tests/fakes/README.md
 create mode 100644 vendor/coding-agent/tests/fakes/controllable-gate.ts
 create mode 100644 vendor/coding-agent/tests/fakes/event-collector.ts
 create mode 100644 vendor/coding-agent/tests/fakes/fake-model-client.ts
 create mode 100644 vendor/coding-agent/tests/fakes/fake-tool-executor.ts
 create mode 100644 vendor/coding-agent/tests/fakes/test-fakes.ts
 create mode 100644 vendor/coding-agent/tests/fixtures/README.md
 create mode 100644 vendor/coding-agent/tests/helpers/README.md
 create mode 100644 vendor/coding-agent/tests/helpers/deterministic-id.ts
 create mode 100644 vendor/coding-agent/tests/helpers/environment.ts
 create mode 100644 vendor/coding-agent/tests/helpers/manual-clock.ts
 create mode 100644 vendor/coding-agent/tests/helpers/resource-scope.ts
 create mode 100644 vendor/coding-agent/tests/helpers/temp-workspace.ts
 create mode 100644 vendor/coding-agent/tests/helpers/test-helpers.ts
 create mode 100644 vendor/coding-agent/tests/integration/README.md
 create mode 100644 vendor/coding-agent/tests/integration/m3-tools.test.ts
 create mode 100644 vendor/coding-agent/tests/integration/m4-runtime-persistence.test.ts
 create mode 100644 vendor/coding-agent/tests/integration/m4-storage.test.ts
 create mode 100644 vendor/coding-agent/tests/integration/m5-composition-smoke.test.ts
 create mode 100644 vendor/coding-agent/tests/integration/m5-extensions.test.ts
 create mode 100644 vendor/coding-agent/tests/integration/m5-external-tool.test.ts
 create mode 100644 vendor/coding-agent/tests/integration/m5-resume-smoke.test.ts
 create mode 100644 vendor/coding-agent/tests/integration/m6-acceptance-tools.test.ts
 create mode 100644 vendor/coding-agent/tests/integration/m6-benchmark-harness.test.ts
 create mode 100644 vendor/coding-agent/tests/integration/m6-security-acceptance.test.ts
 create mode 100644 vendor/coding-agent/tests/integration/m6-web-ui.test.ts
 create mode 100644 vendor/coding-agent/tests/integration/runtime-resilience.test.ts
 create mode 100644 vendor/coding-agent/tests/integration/runtime-runner.test.ts
 create mode 100644 vendor/coding-agent/tests/integration/runtime-tool-states.test.ts
 create mode 100644 vendor/coding-agent/tests/review/fixtures/minimart-fixed/inventory.js
 create mode 100644 vendor/coding-agent/tests/review/fixtures/minimart-fixed/order.js
 create mode 100644 vendor/coding-agent/tests/review/fixtures/minimart-official-near-miss/inventory.js
 create mode 100644 vendor/coding-agent/tests/review/fixtures/minimart-official-near-miss/order.js
 create mode 100644 vendor/coding-agent/tests/review/fixtures/seed-started-tool.mjs
 create mode 100644 vendor/coding-agent/tests/review/fixtures/web-game-complete/README.md
 create mode 100644 vendor/coding-agent/tests/review/fixtures/web-game-complete/game-logic.mjs
 create mode 100644 vendor/coding-agent/tests/review/fixtures/web-game-complete/index.html
 create mode 100644 vendor/coding-agent/tests/review/fixtures/web-game-complete/script.js
 create mode 100644 vendor/coding-agent/tests/review/fixtures/web-game-complete/style.css
 create mode 100644 vendor/coding-agent/tests/review/independent-runtime-lifecycle.test.ts
 create mode 100644 vendor/coding-agent/tests/review/minimart-blackbox.mjs
 create mode 100644 vendor/coding-agent/tests/review/production-checkpoint-wiring.test.ts
 create mode 100644 vendor/coding-agent/tests/review/runtime-drain-regression.test.ts
 create mode 100644 vendor/coding-agent/tests/review/scenario-runner-residual-security.test.ts
 create mode 100644 vendor/coding-agent/tests/review/scenario-runner-security.test.ts
 create mode 100644 vendor/coding-agent/tests/review/web-game-logic-blackbox.mjs
 create mode 100644 vendor/coding-agent/tests/scenarios/README.md
 create mode 100644 vendor/coding-agent/tests/scenarios/bug-hunt/acceptance/check.mjs
 create mode 100644 vendor/coding-agent/tests/scenarios/bug-hunt/base/README.md
 create mode 100644 vendor/coding-agent/tests/scenarios/bug-hunt/base/src/inventory.js
 create mode 100644 vendor/coding-agent/tests/scenarios/bug-hunt/base/src/order.js
 create mode 100644 vendor/coding-agent/tests/scenarios/bug-hunt/base/test/run-tests.mjs
 create mode 100644 vendor/coding-agent/tests/scenarios/bug-hunt/environment.yaml
 create mode 100644 vendor/coding-agent/tests/scenarios/bug-hunt/expected-artifacts.md
 create mode 100644 vendor/coding-agent/tests/scenarios/bug-hunt/interruption-plan.md
 create mode 100644 vendor/coding-agent/tests/scenarios/bug-hunt/oracle/reference.md
 create mode 100644 vendor/coding-agent/tests/scenarios/bug-hunt/task.md
 create mode 100644 vendor/coding-agent/tests/scenarios/runner.mjs
 create mode 100644 vendor/coding-agent/tests/scenarios/scenarios.test.ts
 create mode 100644 vendor/coding-agent/tests/scenarios/vendor/js-yaml.mjs
 create mode 100644 vendor/coding-agent/tests/scenarios/web-game/acceptance/check.mjs
 create mode 100644 vendor/coding-agent/tests/scenarios/web-game/base/README.md
 create mode 100644 vendor/coding-agent/tests/scenarios/web-game/environment.yaml
 create mode 100644 vendor/coding-agent/tests/scenarios/web-game/expected-artifacts.md
 create mode 100644 vendor/coding-agent/tests/scenarios/web-game/interruption-plan.md
 create mode 100644 vendor/coding-agent/tests/scenarios/web-game/oracle/reference.md
 create mode 100644 vendor/coding-agent/tests/scenarios/web-game/task.md
 create mode 100644 vendor/coding-agent/tests/smoke/README.md
 create mode 100644 vendor/coding-agent/tests/smoke/engineering-baseline.test.ts
 create mode 100644 vendor/coding-agent/tests/unit/README.md
 create mode 100644 vendor/coding-agent/tests/unit/context-builder.test.ts
 create mode 100644 vendor/coding-agent/tests/unit/context-selection.test.ts
 create mode 100644 vendor/coding-agent/tests/unit/fakes.test.ts
 create mode 100644 vendor/coding-agent/tests/unit/helpers.test.ts
 create mode 100644 vendor/coding-agent/tests/unit/m5-config-cli.test.ts
 create mode 100644 vendor/coding-agent/tests/unit/model-stream.test.ts
 create mode 100644 vendor/coding-agent/tests/unit/structured-event-logger.test.ts
 create mode 100644 vendor/coding-agent/tests/unit/web-event-projection.test.ts
 create mode 100644 vendor/coding-agent/tests/unit/web-run-manager.test.ts
 create mode 100644 vendor/coding-agent/tsconfig.build.json
 create mode 100644 vendor/coding-agent/tsconfig.json
 create mode 100644 vendor/coding-agent/vitest.config.ts
